millis,accel_x,accel_y,accel_z,quat_w,quat_x,quat_y,quat_z,of_x,of_y
18720,0.00363405,0.00022199,-0.00026355,0.02685837,-0.97703755,0.21134564,0.00306347,
18731,0.00534181,0.00128592,0.00207312,0.02684961,-0.97703785,0.21134545,0.00305288,
18733,,,,,,,,0.00000000,0.00000000
18742,-0.00212036,-0.00257664,0.00128833,0.02684428,-0.97703803,0.21134521,0.00304196,
18753,-0.00118988,-0.00326433,0.00309320,0.02685774,-0.97703767,0.21134512,0.00304310,
18763,-0.00364670,0.00420432,0.00155423,0.02686493,-0.97703743,0.21134520,0.00304846,
18773,-0.00047295,0.00134685,0.00127303,0.02686777,-0.97703731,0.21134534,0.00305572,
18783,-0.00086208,0.01062215,0.00577110,0.02684725,-0.97703791,0.21134543,0.00305254,
18793,-0.00712965,0.00865275,0.00509044,0.02683276,-0.97703815,0.21134594,0.00306721,
18804,0.00024224,0.00640157,-0.00086512,0.02680498,-0.97703874,0.21134658,0.00308292,
18815,-0.00581455,-0.00056814,0.00128405,0.02680322,-0.97703862,0.21134701,0.00309908,
18825,-0.00419664,0.00181402,0.00211450,0.02680424,-0.97703850,0.21134731,0.00311164,
18834,,,,,,,,0.00000000,0.00000000
18836,-0.00120568,0.00153262,0.00008832,0.02680127,-0.97703856,0.21134728,0.00311005,
18846,-0.00338757,0.00213960,0.00029593,0.02680373,-0.97703862,0.21134698,0.00309892,
18857,-0.00592047,-0.00024246,-0.00301823,0.02680778,-0.97703844,0.21134710,0.00310491,
18868,-0.00497440,0.00003899,0.00020750,0.02681632,-0.97703815,0.21134725,0.00311424,
18878,-0.00572206,-0.00272709,0.00108794,0.02683026,-0.97703779,0.21134722,0.00311799,
18889,-0.00389863,-0.00506380,0.00055160,0.02684954,-0.97703731,0.21134701,0.00311624,
18900,-0.00177384,-0.01010026,0.00442619,0.02687690,-0.97703665,0.21134660,0.00311002,
18910,0.00050926,-0.00746865,0.00636349,0.02690174,-0.97703606,0.21134618,0.00310250,
18920,-0.00248432,-0.00880787,0.00659971,0.02692894,-0.97703540,0.21134594,0.00310240,
18930,0.00016165,-0.00193964,0.00452056,0.02692970,-0.97703540,0.21134593,0.00310225,
18935,,,,,,,,0.00000000,0.00000000
18940,-0.00069737,-0.00188535,0.00714309,0.02694838,-0.97703481,0.21134588,0.00310722,
18950,0.00496137,0.00277284,0.01016334,0.02695434,-0.97703469,0.21134573,0.00310334,
18961,-0.00392038,0.00214936,0.00703480,0.02694509,-0.97703493,0.21134588,0.00310582,
18972,-0.00419560,-0.00035965,0.00717951,0.02694113,-0.97703493,0.21134612,0.00311441,
18983,0.00053434,-0.00354439,0.00334561,0.02695024,-0.97703469,0.21134597,0.00311160,
18993,0.00556960,0.00726864,0.00509078,0.02693276,-0.97703516,0.21134600,0.00310685,
19003,0.00199897,-0.00023378,0.00205711,0.02693706,-0.97703505,0.21134597,0.00310762,
19013,0.00511936,0.00256866,0.00395824,0.02692493,-0.97703528,0.21134642,0.00312163,
19023,0.00667955,0.00396987,0.00490881,0.02691887,-0.97703540,0.21134666,0.00312863,
19033,0.00890923,0.00661598,0.00611651,0.02690954,-0.97703564,0.21134667,0.00312634,
19036,,,,,,,,0.00000000,0.00000000
19043,0.00438595,0.00283497,0.00623208,0.02691362,-0.97703564,0.21134631,0.00311392,
19054,0.00236082,0.00800928,0.00677815,0.02690946,-0.97703588,0.21134605,0.00310234,
19065,0.00158477,0.00717084,0.00265665,0.02690096,-0.97703612,0.21134599,0.00309732,
19075,-0.00220597,0.00234183,0.00890432,0.02689109,-0.97703636,0.21134622,0.00310328,
19085,-0.00043160,0.00139217,0.00323908,0.02688678,-0.97703642,0.21134642,0.00310948,
19095,-0.00490025,0.00432005,-0.00252322,0.02687936,-0.97703648,0.21134681,0.00312204,
19105,-0.00252642,0.00064177,-0.00491609,0.02686584,-0.97703689,0.21134669,0.00311299,
19115,-0.00060708,-0.00167039,0.00023513,0.02686404,-0.97703695,0.21134660,0.00310908,
19125,0.00254985,-0.00305535,0.00574043,0.02687256,-0.97703677,0.21134642,0.00310513,
19135,-0.00147928,-0.00129879,0.00946201,0.02688015,-0.97703660,0.21134633,0.00310455,
19136,,,,,,,,0.00000000,0.00000000
19146,-0.00687368,0.00250154,0.00326616,0.02688595,-0.97703624,0.21134681,0.00312525,
19157,-0.00031642,-0.00557754,0.00383035,0.02690138,-0.97703594,0.21134648,0.00311799,
19168,-0.00241651,-0.00446723,-0.00028209,0.02691914,-0.97703552,0.21134615,0.00311189,
19179,-0.00220770,-0.00224125,0.00083552,0.02691263,-0.97703552,0.21134672,0.00313147,
19189,-0.00014255,-0.00234896,-0.00055880,0.02691028,-0.97703552,0.21134701,0.00314216,
19199,-0.00107835,-0.00167802,0.00338271,0.02690355,-0.97703570,0.21134707,0.00314287,
19209,-0.00394952,-0.00086190,0.00340034,0.02690137,-0.97703558,0.21134758,0.00316171,
19219,0.00531894,0.00173580,-0.00000882,0.02689136,-0.97703588,0.21134749,0.00315542,
19230,-0.00197157,-0.00230593,0.00023973,0.02690492,-0.97703546,0.21134761,0.00316494,
19236,,,,,,,,0.00000000,0.00000000
19241,0.00022729,0.00443175,0.00475854,0.02689822,-0.97703564,0.21134773,0.00316720,
19252,0.00231091,0.00094940,0.00775799,0.02688686,-0.97703588,0.21134792,0.00317109,
19262,0.00164374,0.00239731,0.00509970,0.02688664,-0.97703588,0.21134794,0.00317184,
19272,0.00034122,0.00092399,0.00572368,0.02688731,-0.97703582,0.21134803,0.00317565,
19282,0.00164308,0.00307888,0.00360189,0.02687133,-0.97703612,0.21134838,0.00318452,
19292,-0.00403838,-0.00170305,0.00254100,0.02686391,-0.97703624,0.21134873,0.00319551,
19303,-0.00104263,0.00298606,0.00298711,0.02685641,-0.97703648,0.21134864,0.00318961,
19314,-0.00782264,0.00118022,0.00687228,0.02685583,-0.97703642,0.21134889,0.00319914,
19324,-0.00900013,-0.00020334,0.00368791,0.02686217,-0.97703618,0.21134910,0.00320946,
19334,-0.00687281,-0.00332891,-0.00230644,0.02687285,-0.97703576,0.21134949,0.00322871,
19336,,,,,,,,0.00000000,0.00000000
19344,-0.00382550,-0.00975161,-0.00261806,0.02689223,-0.97703505,0.21134987,0.00325067,
19354,0.00209268,-0.00247255,-0.00350630,0.02689918,-0.97703475,0.21135011,0.00326245,
19364,0.00480000,-0.00515778,-0.00346213,0.02691017,-0.97703445,0.21134998,0.00326113,
19374,-0.00043813,-0.00017563,-0.00124279,0.02690463,-0.97703457,0.21135008,0.00326332,
19384,0.00400762,0.00252907,-0.00110967,0.02688712,-0.97703505,0.21135014,0.00325994,
19395,0.00474276,0.00095936,0.00335141,0.02687947,-0.97703540,0.21134990,0.00324806,
19406,0.00047929,0.00405024,0.00192748,0.02686253,-0.97703588,0.21135002,0.00324719,
19416,0.00591592,-0.00585605,-0.00342316,0.02686256,-0.97703588,0.21134999,0.00324627,
19426,0.00958790,-0.00616289,-0.00072739,0.02686656,-0.97703588,0.21134959,0.00323198,
19436,,,,,,,,0.00000000,0.00000000
19436,0.00485499,-0.00338662,0.00036873,0.02686963,-0.97703576,0.21134964,0.00323466,
19447,-0.00433215,-0.00637776,0.00384647,0.02687879,-0.97703546,0.21134977,0.00324334,
19458,-0.01084070,0.00112936,-0.00271544,0.02687217,-0.97703540,0.21135056,0.00327225,
19469,-0.00700726,-0.00267018,-0.00135772,0.02687688,-0.97703516,0.21135089,0.00328692,
19479,0.00047128,-0.00506587,-0.00409683,0.02687311,-0.97703540,0.21135044,0.00326788,
19489,-0.00286189,-0.00599668,0.00185784,0.02688100,-0.97703528,0.21135014,0.00325913,
19499,0.00592379,-0.00135802,0.00093655,0.02687073,-0.97703576,0.21134967,0.00323733,
19509,0.01027848,-0.00538635,0.01121809,0.02686007,-0.97703624,0.21134900,0.00320751,
19519,0.00851906,0.00112915,0.01782371,0.02684542,-0.97703683,0.21134838,0.00317864,
19529,0.01056904,-0.00246429,0.01331401,0.02682786,-0.97703743,0.21134818,0.00316488,
19536,,,,,,,,0.00000000,0.00000000
19540,0.00353739,-0.00231552,0.01154745,0.02681836,-0.97703773,0.21134812,0.00315914,
19551,-0.00019969,-0.00392723,0.00797862,0.02682577,-0.97703749,0.21134824,0.00316670,
19561,-0.00230474,-0.00401592,0.00692663,0.02682426,-0.97703743,0.21134844,0.00317427,
19571,-0.00286898,-0.00525045,0.00615649,0.02683681,-0.97703713,0.21134835,0.00317577,
19581,-0.00118272,-0.00099254,0.00845697,0.02683929,-0.97703701,0.21134850,0.00318280,
19591,0.00426093,-0.00614965,0.00179471,0.02685746,-0.97703671,0.21134788,0.00316430,
19601,0.00453373,-0.00088519,0.00480360,0.02687902,-0.97703630,0.21134728,0.00314876,
19611,-0.00092985,-0.00093850,-0.00003960,0.02689103,-0.97703600,0.21134715,0.00314786,
19621,-0.00218154,0.00097270,0.00852512,0.02689165,-0.97703588,0.21134740,0.00315815,
19632,0.00132775,-0.00074961,0.00035631,0.02689574,-0.97703582,0.21134728,0.00315534,
19636,,,,,,,,0.00000000,0.00000000
19643,-0.00176227,0.00834559,-0.00225562,0.02687698,-0.97703612,0.21134800,0.00317678,
19653,-0.00210184,0.00628614,0.00498333,0.02685677,-0.97703660,0.21134827,0.00318021,
19664,0.00384715,0.00303626,0.00396414,0.02683801,-0.97703695,0.21134874,0.00319308,
19674,0.00020696,0.00169360,0.00198970,0.02684284,-0.97703695,0.21134849,0.00318465,
19684,-0.00693845,0.00076288,0.00417631,0.02684357,-0.97703671,0.21134901,0.00320559,
19694,-0.00365996,0.00538632,0.00600203,0.02682904,-0.97703689,0.21134967,0.00322591,
19704,-0.00663650,0.00135039,0.00715904,0.02682323,-0.97703683,0.21135023,0.00324619,
19714,0.00090844,-0.00165940,0.00383129,0.02681248,-0.97703701,0.21135062,0.00325791,
19725,-0.00116321,0.00316810,0.00534124,0.02680173,-0.97703719,0.21135107,0.00327230,
19736,,,,,,,,0.00000000,0.00000000
19736,-0.00464807,0.00337696,0.00975833,0.02679021,-0.97703743,0.21135132,0.00327837,
19746,-0.00587934,-0.00163794,0.00806062,0.02679097,-0.97703731,0.21135162,0.00329029,
19756,0.00082925,-0.00217700,0.00013169,0.02679734,-0.97703707,0.21135168,0.00329486,
19766,-0.00313304,-0.00219476,0.00617699,0.02680575,-0.97703683,0.21135178,0.00330205,
19776,-0.00192510,-0.00366086,0.00871136,0.02681678,-0.97703648,0.21135193,0.00331170,
19786,-0.00132876,-0.00826964,0.01266409,0.02683426,-0.97703606,0.21135171,0.00330959,
19796,0.00237975,-0.00181548,0.00951350,0.02682873,-0.97703618,0.21135175,0.00330950,
19807,0.01177947,0.00383774,0.00720579,0.02681733,-0.97703660,0.21135154,0.00329780,
19818,0.00209030,0.00443657,0.00702849,0.02679623,-0.97703707,0.21135184,0.00330183,
19828,0.00116722,0.00716976,0.00156875,0.02678397,-0.97703731,0.21135220,0.00331188,
19837,,,,,,,,0.00000000,0.00000000
19838,-0.00294880,0.00340941,0.00274513,0.02678085,-0.97703731,0.21135250,0.00332293,
19848,0.00278280,-0.00163697,0.00089191,0.02677810,-0.97703743,0.21135230,0.00331443,
19859,0.00535869,-0.00777649,-0.00223196,0.02679576,-0.97703725,0.21135139,0.00328506,
19869,0.00371694,-0.00644409,-0.00379390,0.02680864,-0.97703707,0.21135083,0.00326739,
19880,0.00459742,0.00156158,-0.00188932,0.02682054,-0.97703689,0.21135040,0.00325487,
19891,0.00160444,0.00190994,0.00296922,0.02682931,-0.97703683,0.21134993,0.00323999,
19902,-0.00425607,-0.00134148,0.00149224,0.02683321,-0.97703665,0.21135007,0.00324694,
19912,-0.00620213,-0.00247891,0.00392758,0.02683677,-0.97703648,0.21135026,0.00325568,
19922,-0.00159045,-0.00134626,0.00319212,0.02683123,-0.97703671,0.21135004,0.00324511,
19932,0.00439277,0.00168435,0.00843963,0.02683907,-0.97703648,0.21134996,0.00324504,
19937,,,,,,,,0.00000000,0.00000000
19943,-0.00115292,0.00416096,0.00349502,0.02683645,-0.97703648,0.21135014,0.00325177,
19954,0.00191835,0.00050883,0.00614967,0.02682993,-0.97703671,0.21135005,0.00324613,
19964,0.00248505,-0.00811503,0.00381489,0.02684750,-0.97703624,0.21134987,0.00324525,
19974,-0.00087082,0.00023783,0.00948343,0.02684506,-0.97703624,0.21135026,0.00325956,
19984,0.00499672,0.00220174,0.00523763,0.02683123,-0.97703660,0.21135029,0.00325605,
19994,0.00061390,-0.00412526,0.00677683,0.02683540,-0.97703648,0.21135026,0.00325634,
20004,-0.00424017,-0.00532038,0.00534917,0.02684628,-0.97703612,0.21135044,0.00326765,
20014,-0.00275332,0.00142153,0.00291873,0.02686002,-0.97703576,0.21135047,0.00327350,
20025,0.00114104,0.00185518,0.00561738,0.02685851,-0.97703588,0.21135029,0.00326658,
20036,0.00089858,-0.00037704,0.00257218,0.02685654,-0.97703588,0.21135035,0.00326877,
20037,,,,,,,,0.00000000,0.00000000
20047,0.00857460,0.00021584,0.00861794,0.02685578,-0.97703600,0.21135016,0.00326104,
20058,0.01066547,0.00099293,0.00651386,0.02684531,-0.97703642,0.21134973,0.00324077,
20068,0.01068857,-0.00108282,0.00936808,0.02682458,-0.97703719,0.21134916,0.00321112,
20078,0.00435246,0.00273160,0.01128346,0.02680111,-0.97703791,0.21134904,0.00319861,
20088,-0.00004392,0.00241866,0.00931147,0.02677424,-0.97703862,0.21134907,0.00319050,
20098,0.00092408,-0.00430672,0.00759305,0.02677207,-0.97703874,0.21134885,0.00318139,
20109,-0.00394775,-0.00351902,0.00575728,0.02677178,-0.97703874,0.21134886,0.00318245,
20120,-0.00224090,-0.00116442,0.00557182,0.02677611,-0.97703868,0.21134874,0.00317897,
20130,-0.00164688,0.00024939,0.00816463,0.02677326,-0.97703886,0.21134850,0.00316887,
20138,,,,,,,,0.00000000,0.00000000
20140,-0.00305885,0.00192523,0.00335752,0.02676797,-0.97703898,0.21134853,0.00316808,
20150,-0.00669453,0.00811136,0.00363952,0.02675214,-0.97703940,0.21134868,0.00316888,
20160,-0.00334726,0.00385732,0.00525299,0.02673720,-0.97703958,0.21134934,0.00318976,
20170,0.00244624,-0.00022283,0.00898941,0.02672680,-0.97703993,0.21134931,0.00318514,
20180,-0.00416323,-0.00006564,0.00670723,0.02672424,-0.97703993,0.21134943,0.00318945,
20190,-0.00552247,-0.00046770,0.00703098,0.02672547,-0.97703993,0.21134943,0.00318955,
20201,0.00136627,0.00007133,0.00498796,0.02672970,-0.97703981,0.21134928,0.00318573,
20212,-0.00053757,0.00156154,0.00201333,0.02673417,-0.97703958,0.21134955,0.00319757,
20222,0.00095955,-0.00305681,-0.00020641,0.02674247,-0.97703934,0.21134964,0.00320422,
20232,0.00340946,-0.00559487,0.00674036,0.02675350,-0.97703910,0.21134949,0.00320236,
20239,,,,,,,,0.00000000,0.00000000
20242,0.00558046,-0.00563557,0.00703992,0.02675899,-0.97703910,0.21134901,0.00318599,
20252,0.00810029,-0.00320688,0.00377173,0.02675989,-0.97703928,0.21134838,0.00316142,
20262,0.00887192,-0.00541814,0.00409076,0.02675783,-0.97703946,0.21134816,0.00315226,
20272,0.00537438,-0.00093905,0.00157236,0.02674418,-0.97703969,0.21134853,0.00316249,
20283,0.00678417,-0.00309404,0.00519597,0.02673600,-0.97703993,0.21134852,0.00315915,
20294,0.00213324,-0.00271432,0.00627535,0.02672984,-0.97704005,0.21134871,0.00316441,
20304,0.00176089,-0.00008305,0.00632676,0.02672762,-0.97704005,0.21134883,0.00316882,
20314,0.00232240,-0.00168947,0.00805382,0.02673204,-0.97703981,0.21134904,0.00317856,
20324,-0.00178375,-0.00076844,0.00427868,0.02674340,-0.97703952,0.21134904,0.00318270,
20334,-0.00309677,-0.00250519,0.00434424,0.02674876,-0.97703934,0.21134913,0.00318843,
20340,,,,,,,,0.00000000,0.00000000
20344,-0.00080833,0.00178390,0.00755084,0.02676682,-0.97703886,0.21134916,0.00319579,
20355,-0.00599651,0.00002220,0.00085336,0.02677808,-0.97703844,0.21134938,0.00320880,
20366,0.00190744,0.00159038,0.00360814,0.02678637,-0.97703815,0.21134946,0.00321458,
20376,0.00343328,-0.00079172,0.00156756,0.02679594,-0.97703779,0.21134961,0.00322381,
20386,0.00418856,-0.00001439,0.00469766,0.02680806,-0.97703755,0.21134949,0.00322322,
20396,0.00578691,0.00233503,0.01236622,0.02681641,-0.97703731,0.21134937,0.00322148,
20406,-0.00095939,-0.00283792,0.00887629,0.02682445,-0.97703707,0.21134955,0.00323137,
20416,0.00006199,0.00303661,0.00371335,0.02678729,-0.97703791,0.21135023,0.00324553,
20426,0.00396776,0.00183111,0.00747954,0.02677104,-0.97703838,0.21135023,0.00324030,
20437,-0.00213599,0.00000766,0.00350326,0.02676198,-0.97703862,0.21135026,0.00323919,
20440,,,,,,,,0.00000000,0.00000000
20448,0.00749981,-0.00331496,0.00102684,0.02677066,-0.97703844,0.21134995,0.00322988,
20458,0.00693899,-0.00108527,0.00052105,0.02676937,-0.97703850,0.21134982,0.00322465,
20468,0.00327113,-0.00193119,0.00222128,0.02676476,-0.97703850,0.21135014,0.00323570,
20478,0.00046064,-0.00404787,0.00331553,0.02677043,-0.97703832,0.21135020,0.00324058,
20488,0.00511313,-0.00097871,-0.00004359,0.02675879,-0.97703880,0.21134982,0.00322146,
20498,0.00037456,-0.00138962,0.00340380,0.02675727,-0.97703886,0.21134984,0.00322232,
20508,0.00237692,0.00377601,0.00561578,0.02675622,-0.97703898,0.21134955,0.00321063,
20518,0.00240153,-0.00120953,-0.00109073,0.02675647,-0.97703904,0.21134940,0.00320454,
20529,-0.00318614,0.00239359,-0.00273500,0.02675308,-0.97703910,0.21134955,0.00320903,
20540,0.00106959,0.00395864,-0.00331300,0.02675049,-0.97703928,0.21134919,0.00319454,
20541,,,,,,,,0.00000000,0.00000000
20550,-0.00556109,0.00082728,0.00152496,0.02675049,-0.97703922,0.21134946,0.00320523,
20560,-0.00206338,0.00389264,-0.00118302,0.02674317,-0.97703946,0.21134937,0.00319944,
20570,-0.00322896,0.00370871,0.00063682,0.02673847,-0.97703952,0.21134953,0.00320449,
20580,0.00057516,0.00091594,0.00326336,0.02672537,-0.97703981,0.21134964,0.00320401,
20590,-0.00166555,0.00340292,0.00384420,0.02671186,-0.97704011,0.21134992,0.00321072,
20600,-0.00129817,0.00292216,0.00486705,0.02669809,-0.97704029,0.21135046,0.00322738,
20610,-0.00134336,-0.00023264,0.00220464,0.02669920,-0.97704017,0.21135083,0.00324251,
20621,-0.00039702,-0.01008794,0.00257479,0.02671255,-0.97703981,0.21135074,0.00324401,
20632,0.00009904,-0.00669192,0.00544542,0.02673325,-0.97703922,0.21135077,0.00325266,
20641,,,,,,,,0.00000000,0.00000000
20643,0.00108712,-0.00523042,0.00224206,0.02674847,-0.97703874,0.21135078,0.00325856,
20653,-0.00015072,-0.00545334,-0.00009205,0.02676412,-0.97703844,0.21135038,0.00324856,
20663,0.00190065,-0.00118553,-0.00077082,0.02676157,-0.97703862,0.21135014,0.00323860,
20674,-0.00047637,-0.00488812,0.00011050,0.02677190,-0.97703838,0.21135008,0.00323973,
20685,0.00054001,-0.00138357,0.00445741,0.02677282,-0.97703832,0.21135014,0.00324274,
20695,0.00348961,0.00158177,0.00418946,0.02676879,-0.97703838,0.21135023,0.00324515,
20706,-0.00091785,0.00110369,0.00796174,0.02676186,-0.97703862,0.21135011,0.00323771,
20717,0.00028875,-0.00350699,0.00960373,0.02676572,-0.97703862,0.21134977,0.00322585,
20727,-0.00225888,-0.00263851,0.00212395,0.02677019,-0.97703844,0.21134992,0.00323346,
20737,0.00791139,0.00628725,0.00205380,0.02674601,-0.97703910,0.21134995,0.00322640,
20742,,,,,,,,0.00000000,0.00000000
20747,0.00227723,0.00367768,0.00713804,0.02673897,-0.97703922,0.21135017,0.00323283,
20757,0.00459473,0.00916306,0.01188506,0.02671201,-0.97703981,0.21135069,0.00324417,
20767,0.00428864,0.00800713,0.00766677,0.02670271,-0.97704005,0.21135090,0.00324944,
20778,-0.00197555,-0.00157352,0.00995216,0.02671234,-0.97703981,0.21135071,0.00324534,
20789,-0.00143791,-0.00028322,0.00694446,0.02670730,-0.97703993,0.21135086,0.00324935,
20799,-0.00555599,0.00011016,0.00373163,0.02670300,-0.97703993,0.21135107,0.00325650,
20809,-0.00100798,0.00516677,-0.00129275,0.02669178,-0.97704011,0.21135154,0.00327123,
20819,-0.00067946,0.00524605,-0.00087526,0.02668322,-0.97704023,0.21135187,0.00328185,
20829,-0.00317787,0.00747532,0.00397216,0.02667519,-0.97704029,0.21135244,0.00330116,
20839,-0.00052082,0.00467607,0.00175720,0.02666983,-0.97704035,0.21135271,0.00330985,
20842,,,,,,,,0.00000000,0.00000000
20849,-0.00283151,0.00253640,0.00089386,0.02666565,-0.97704029,0.21135317,0.00332678,
20859,0.00090358,0.00123768,0.00412430,0.02666895,-0.97704017,0.21135335,0.00333521,
20869,0.00228284,0.00471583,0.00085670,0.02666084,-0.97704029,0.21135357,0.00334156,
20879,-0.00191797,0.00251050,0.00703541,0.02663596,-0.97704089,0.21135393,0.00334684,
20890,-0.00376660,0.00017951,0.00450953,0.02662111,-0.97704118,0.21135420,0.00335280,
20901,-0.00346258,-0.00367154,0.00153760,0.02661599,-0.97704124,0.21135445,0.00336106,
20912,-0.00109042,0.00463396,0.00420203,0.02660508,-0.97704136,0.21135494,0.00337644,
20922,0.00301009,0.00707009,0.00529010,0.02659209,-0.97704172,0.21135511,0.00337882,
20932,-0.00614724,0.00632740,0.00241617,0.02658542,-0.97704172,0.21135554,0.00339420,
20942,,,,,,,,0.00000000,0.00000000
20942,0.00122173,-0.00062048,0.00659444,0.02658755,-0.97704172,0.21135545,0.00339178,
20953,-0.00264689,-0.00383502,0.00135935,0.02659872,-0.97704136,0.21135542,0.00339411,
20964,0.00176646,-0.00176492,-0.00345546,0.02661106,-0.97704107,0.21135528,0.00339338,
20974,-0.00065791,0.00413768,0.00683245,0.02661245,-0.97704101,0.21135542,0.00339948,
20984,0.00007540,0.00293859,-0.00340445,0.02661189,-0.97704101,0.21135540,0.00339890,
20994,-0.00099990,0.00404040,0.00343999,0.02661041,-0.97704095,0.21135573,0.00341128,
21004,-0.00542854,0.00872644,0.00490908,0.02660151,-0.97704101,0.21135616,0.00342565,
21014,-0.00254642,0.00376813,0.00808503,0.02660744,-0.97704095,0.21135587,0.00341637,
21024,-0.00306612,0.00447043,0.00527848,0.02661142,-0.97704095,0.21135560,0.00340684,
21035,-0.00600388,-0.00493642,0.00045723,0.02661809,-0.97704077,0.21135551,0.00340600,
21042,,,,,,,,0.00000000,0.00000000
21046,-0.00986077,0.00059118,0.00488255,0.02661679,-0.97704053,0.21135622,0.00343428,
21057,-0.00276364,-0.00493055,0.00440966,0.02662135,-0.97704035,0.21135643,0.00344364,
21067,-0.00481505,-0.00160315,0.00466149,0.02661732,-0.97704035,0.21135676,0.00345512,
21077,-0.00365874,0.00075482,0.00674054,0.02659790,-0.97704083,0.21135700,0.00345789,
21087,-0.00110458,0.00631308,0.00680350,0.02658259,-0.97704113,0.21135747,0.00347143,
21098,-0.00274956,0.00494945,0.00317287,0.02657751,-0.97704113,0.21135780,0.00348260,
21109,-0.00453335,0.00327581,-0.00059557,0.02656912,-0.97704124,0.21135825,0.00349791,
21119,-0.00103071,-0.00265744,-0.00711847,0.02658274,-0.97704089,0.21135822,0.00350211,
21129,0.00217782,0.00073121,0.00304782,0.02659076,-0.97704071,0.21135801,0.00349709,
21139,0.00253087,0.00629365,0.00642198,0.02657421,-0.97704124,0.21135785,0.00348461,
21142,,,,,,,,0.00000000,0.00000000
21149,-0.00604353,-0.00164444,0.00444695,0.02657861,-0.97704101,0.21135810,0.00349608,
21159,-0.00154929,-0.00485054,0.00590084,0.02659736,-0.97704053,0.21135789,0.00349487,
21169,0.00238392,0.00087063,0.00516295,0.02660342,-0.97704053,0.21135747,0.00348056,
21180,-0.00000585,-0.00286058,0.00796783,0.02661146,-0.97704023,0.21135768,0.00349186,
21191,-0.00436694,-0.00444390,0.00863784,0.02663357,-0.97703958,0.21135767,0.00349946,
21202,-0.00822595,0.00232517,0.00506660,0.02664341,-0.97703916,0.21135807,0.00351936,
21212,-0.00260236,0.00130754,0.00230442,0.02664530,-0.97703910,0.21135807,0.00352002,
21222,-0.00685538,0.00177529,-0.00298292,0.02664784,-0.97703898,0.21135831,0.00353053,
21232,0.00391179,0.00031544,0.00120934,0.02665211,-0.97703898,0.21135780,0.00351248,
21242,,,,,,,,0.00000000,0.00000000
21242,-0.00021848,0.00372828,-0.00157733,0.02664860,-0.97703910,0.21135771,0.00350733,
21252,0.00379701,0.00395459,-0.00126169,0.02663651,-0.97703958,0.21135747,0.00349361,
21262,0.00118134,-0.00250879,0.00182582,0.02664252,-0.97703946,0.21135738,0.00349279,
21273,-0.00256027,-0.00183423,0.00385786,0.02664382,-0.97703934,0.21135744,0.00349573,
21284,0.00045937,-0.00150458,0.00682700,0.02664137,-0.97703934,0.21135765,0.00350343,
21294,0.00219044,-0.00012668,0.00367290,0.02663588,-0.97703958,0.21135753,0.00349721,
21304,0.00790064,0.00128706,0.00600210,0.02662540,-0.97704005,0.21135703,0.00347315,
21315,0.00706311,-0.00336190,0.00545771,0.02662229,-0.97704041,0.21135636,0.00344597,
21325,0.00784979,0.00211086,0.00884763,0.02661262,-0.97704077,0.21135592,0.00342598,
21335,0.00413852,-0.00219469,0.01249572,0.02663110,-0.97704023,0.21135597,0.00343429,
21342,,,,,,,,0.00000000,0.00000000
21345,0.00567033,0.00343451,0.00943694,0.02662100,-0.97704053,0.21135589,0.00342744,
21356,-0.00013267,0.00476139,0.00302475,0.02661083,-0.97704071,0.21135628,0.00343910,
21367,-0.00374370,0.00419649,0.00323662,0.02660128,-0.97704077,0.21135682,0.00345705,
21377,-0.00649526,0.00511948,-0.00276096,0.02659388,-0.97704077,0.21135747,0.00348058,
21387,0.01039373,0.00579461,-0.00404314,0.02657173,-0.97704136,0.21135753,0.00347554,
21397,0.00370150,-0.00239750,-0.00054147,0.02656673,-0.97704154,0.21135747,0.00347169,
21407,-0.00156722,0.00325682,0.00169765,0.02655891,-0.97704160,0.21135788,0.00348499,
21418,0.00166543,0.00096465,0.00159651,0.02656034,-0.97704148,0.21135810,0.00349462,
21429,0.00399128,-0.00018143,0.00374320,0.02655771,-0.97704160,0.21135798,0.00348945,
21439,0.00198801,0.00071037,0.00506069,0.02655862,-0.97704160,0.21135795,0.00348886,
21442,,,,,,,,0.00000000,0.00000000
21450,-0.00271388,-0.00125462,0.00083662,0.02657026,-0.97704148,0.21135730,0.00346745,
21461,-0.00068555,-0.00123766,0.00556052,0.02658504,-0.97704130,0.21135661,0.00344544,
21471,0.00156457,-0.00582971,0.00206310,0.02661378,-0.97704065,0.21135616,0.00343800,
21481,-0.00436756,-0.00053448,0.00275579,0.02663907,-0.97703993,0.21135604,0.00344246,
21491,0.00070776,-0.00009176,0.00114901,0.02664889,-0.97703969,0.21135589,0.00343986,
21501,0.00250537,-0.00617992,0.00010148,0.02667014,-0.97703928,0.21135545,0.00343041,
21511,0.00628046,-0.00454717,-0.00238303,0.02669474,-0.97703898,0.21135437,0.00339722,
21522,0.00181271,-0.00517276,0.00174580,0.02671874,-0.97703862,0.21135354,0.00337290,
21533,0.00324858,0.00183104,0.00551920,0.02672757,-0.97703844,0.21135326,0.00336493,
21543,0.00370712,-0.00175477,0.00056996,0.02672628,-0.97703862,0.21135296,0.00335307,
21544,,,,,,,,0.00000000,0.00000000
21553,-0.00360909,-0.00548554,0.00200160,0.02673554,-0.97703832,0.21135303,0.00335940,
21563,0.00297909,-0.00491715,0.00344983,0.02673528,-0.97703832,0.21135300,0.00335857,
21573,-0.00173006,-0.00264168,0.00612708,0.02675985,-0.97703755,0.21135330,0.00337888,
21583,-0.00408464,-0.00150394,0.00746570,0.02677214,-0.97703713,0.21135345,0.00338904,
21593,-0.00525429,0.00348234,0.01130884,0.02678897,-0.97703660,0.21135348,0.00339662,
21603,-0.00750996,-0.00350785,0.00467786,0.02681876,-0.97703564,0.21135373,0.00341711,
21614,-0.00058878,-0.00018227,0.00234656,0.02682637,-0.97703540,0.21135381,0.00342288,
21625,0.00262004,0.00316662,0.00093677,0.02681817,-0.97703564,0.21135390,0.00342329,
21635,-0.00042948,0.00046179,0.00072015,0.02682116,-0.97703564,0.21135366,0.00341508,
21644,,,,,,,,0.00000000,0.00000000
21646,0.00023539,-0.00086774,0.00329739,0.02683187,-0.97703546,0.21135329,0.00340462,
21656,0.00105611,-0.00177664,0.00360945,0.02683878,-0.97703528,0.21135312,0.00340133,
21666,-0.00169973,-0.00465724,0.00644340,0.02685040,-0.97703505,0.21135297,0.00339967,
21676,0.00178228,-0.00511335,0.00224514,0.02685551,-0.97703505,0.21135263,0.00338838,
21686,0.00446932,-0.00509726,0.00210676,0.02685542,-0.97703516,0.21135210,0.00336741,
21697,0.00141069,-0.00119823,0.00569968,0.02684701,-0.97703552,0.21135187,0.00335592,
21708,0.00474129,-0.00340673,-0.00080464,0.02683868,-0.97703588,0.21135154,0.00334008,
21718,-0.00066585,-0.00013934,0.00277914,0.02682367,-0.97703624,0.21135159,0.00333669,
21728,-0.00285063,0.00003714,0.00628001,0.02682250,-0.97703618,0.21135190,0.00334881,
21738,0.00263352,-0.00764134,0.00631383,0.02684187,-0.97703576,0.21135156,0.00334249,
21745,,,,,,,,0.00000000,0.00000000
21748,0.00027154,-0.00000597,0.00291278,0.02685477,-0.97703534,0.21135169,0.00335266,
21758,0.00589596,-0.00133813,-0.00219809,0.02684697,-0.97703564,0.21135154,0.00334399,
21768,0.00429838,-0.00806195,-0.00207561,0.02686261,-0.97703540,0.21135098,0.00332766,
21778,0.00278243,-0.00097922,0.00507334,0.02684691,-0.97703576,0.21135122,0.00333191,
21789,-0.00359078,-0.00182475,0.00547399,0.02684069,-0.97703588,0.21135128,0.00333242,
21800,0.00198879,0.00091868,0.00298876,0.02683303,-0.97703612,0.21135110,0.00332257,
21810,0.00305433,-0.00792537,0.00736139,0.02684542,-0.97703600,0.21135059,0.00330726,
21820,-0.00421014,-0.00431363,0.00442074,0.02684432,-0.97703600,0.21135059,0.00330715,
21830,0.00457828,-0.00007399,0.00270628,0.02683377,-0.97703636,0.21135035,0.00329445,
21840,0.00382265,0.00205346,0.00648772,0.02683219,-0.97703660,0.21134990,0.00327678,
21846,,,,,,,,0.00000000,0.00000000
21850,0.00222413,-0.00006427,0.00789016,0.02682738,-0.97703677,0.21134977,0.00326977,
21860,0.00021180,0.00011282,0.00956795,0.02683109,-0.97703671,0.21134968,0.00326763,
21870,-0.00104614,-0.00317845,0.00991093,0.02685040,-0.97703630,0.21134925,0.00325770,
21881,0.00026276,-0.00238268,0.00519960,0.02686067,-0.97703612,0.21134889,0.00324736,
21892,-0.00322555,-0.00004693,0.00333985,0.02685991,-0.97703612,0.21134886,0.00324585,
21902,-0.00445091,0.00064792,0.00313477,0.02686915,-0.97703576,0.21134914,0.00326036,
21912,-0.00603252,-0.00046187,0.00449707,0.02687731,-0.97703552,0.21134932,0.00327040,
21922,-0.00852468,0.00044045,-0.00190185,0.02688139,-0.97703534,0.21134952,0.00327928,
21932,-0.00294246,0.00017445,0.00173462,0.02688954,-0.97703516,0.21134934,0.00327531,
21943,-0.00428648,0.00780054,0.00087494,0.02686869,-0.97703558,0.21134983,0.00328754,
21946,,,,,,,,0.00000000,0.00000000
21954,-0.00179991,0.00527356,0.00459549,0.02686115,-0.97703576,0.21134987,0.00328701,
21964,0.00162537,-0.00037683,0.00840889,0.02685922,-0.97703588,0.21134964,0.00327681,
21974,-0.00201782,0.00190967,0.01055973,0.02684962,-0.97703612,0.21134987,0.00328329,
21984,0.00297363,-0.00037268,0.00577578,0.02683862,-0.97703648,0.21134979,0.00327617,
21994,0.00134186,-0.00200977,-0.00052245,0.02683437,-0.97703654,0.21134995,0.00328141,
22004,0.00295975,0.00180273,-0.00098602,0.02682725,-0.97703671,0.21135008,0.00328416,
22014,0.00134254,0.00419727,0.00439743,0.02682389,-0.97703671,0.21135035,0.00329345,
22024,0.00563801,-0.00045721,0.00196221,0.02682264,-0.97703683,0.21135016,0.00328559,
22035,0.00289530,0.00231198,0.00538326,0.02680843,-0.97703719,0.21135014,0.00328033,
22046,,,,,,,,0.00000000,0.00000000
22046,0.00323293,-0.00410066,0.00221098,0.02681011,-0.97703719,0.21135002,0.00327628,
22056,-0.00315191,-0.00486558,0.00111312,0.02681224,-0.97703701,0.21135038,0.00329127,
22066,-0.00365878,-0.00450798,0.00276145,0.02681633,-0.97703683,0.21135055,0.00329929,
22076,-0.00485826,-0.00045345,0.00358562,0.02680769,-0.97703683,0.21135119,0.00332181,
22087,-0.00498498,-0.00157713,0.00204458,0.02681196,-0.97703671,0.21135114,0.00332189,
22097,-0.00504834,-0.00213897,0.00127406,0.02681409,-0.97703665,0.21135113,0.00332193,
22108,0.00126764,0.00097519,-0.00106432,0.02680705,-0.97703683,0.21135128,0.00332558,
22119,-0.00119723,0.00156334,-0.00272180,0.02680460,-0.97703695,0.21135119,0.00332104,
22129,-0.00824327,-0.00178944,0.00084400,0.02681728,-0.97703648,0.21135151,0.00333907,
22139,-0.00372491,-0.00928705,0.00066614,0.02683922,-0.97703588,0.21135134,0.00333951,
22147,,,,,,,,0.00000000,0.00000000
22149,-0.00170224,-0.00741300,-0.00577045,0.02685585,-0.97703540,0.21135125,0.00334246,
22159,0.00101045,-0.00717787,0.00565970,0.02687927,-0.97703487,0.21135089,0.00333670,
22169,-0.00446151,-0.00385597,0.00722438,0.02690635,-0.97703421,0.21135056,0.00333323,
22180,-0.00255119,-0.00487293,0.00361219,0.02692363,-0.97703373,0.21135047,0.00333585,
22191,-0.00135189,-0.00098688,0.01108344,0.02693065,-0.97703356,0.21135044,0.00333770,
22201,0.00535128,0.00095615,0.01213352,0.02693596,-0.97703344,0.21135040,0.00333787,
22211,0.00138627,-0.00050612,0.00826402,0.02694267,-0.97703326,0.21135035,0.00333897,
22221,0.00740700,-0.00587592,0.00510857,0.02694145,-0.97703350,0.21134971,0.00331345,
22231,0.00114002,-0.00805729,0.00792538,0.02694798,-0.97703350,0.21134931,0.00330025,
22241,0.00531550,-0.00623354,0.00933378,0.02694112,-0.97703373,0.21134903,0.00328713,
22247,,,,,,,,0.00000000,0.00000000
22251,0.01223264,-0.00579469,-0.00070420,0.02693776,-0.97703409,0.21134821,0.00325450,
22262,0.00931304,-0.00021943,0.00257759,0.02692741,-0.97703469,0.21134751,0.00322358,
22273,0.00081893,0.00205704,0.00543918,0.02691497,-0.97703493,0.21134783,0.00323202,
22283,0.00193535,0.00343941,0.00662584,0.02690934,-0.97703505,0.21134794,0.00323457,
22293,0.00225704,-0.00022579,0.00697503,0.02692381,-0.97703469,0.21134782,0.00323527,
22303,0.00023588,-0.00131071,0.00080197,0.02694117,-0.97703421,0.21134776,0.00323883,
22313,-0.00272782,-0.00499648,-0.00497011,0.02696610,-0.97703356,0.21134757,0.00323994,
22323,0.00039848,-0.00045356,0.00580810,0.02699231,-0.97703302,0.21134679,0.00321913,
22333,0.00069515,-0.00526218,0.00900756,0.02700214,-0.97703302,0.21134591,0.00318835,
22343,0.00108763,0.00039015,0.00621277,0.02700634,-0.97703314,0.21134540,0.00317077,
22348,,,,,,,,0.00000000,0.00000000
22354,-0.00089051,0.00098853,0.00652435,0.02699783,-0.97703326,0.21134570,0.00317938,
22365,0.00176727,0.00081470,0.00936569,0.02699641,-0.97703338,0.21134555,0.00317283,
22375,0.00552231,0.00657953,0.01103050,0.02698956,-0.97703362,0.21134539,0.00316453,
22385,0.00131920,0.00577695,0.01186291,0.02697891,-0.97703385,0.21134569,0.00317257,
22395,0.00021709,0.00389555,0.00983770,0.02696857,-0.97703397,0.21134618,0.00318848,
22405,0.00016195,-0.00285111,0.01126651,0.02698877,-0.97703338,0.21134618,0.00319535,
22415,-0.00182637,-0.00304299,0.00586977,0.02700306,-0.97703302,0.21134607,0.00319640,
22425,0.00371786,0.00243816,0.00049348,0.02698755,-0.97703362,0.21134558,0.00317224,
22435,0.00986979,0.00494223,0.00171158,0.02697707,-0.97703415,0.21134490,0.00314207,
22446,0.00732290,-0.00135121,0.00402962,0.02698424,-0.97703415,0.21134427,0.00312052,
22448,,,,,,,,0.00000000,0.00000000
22457,0.00435572,-0.00377314,-0.00067074,0.02698489,-0.97703415,0.21134418,0.00311717,
22467,0.00287977,-0.00275632,0.00601229,0.02699877,-0.97703385,0.21134400,0.00311546,
22477,0.00019629,-0.00248442,0.00520341,0.02701124,-0.97703350,0.21134402,0.00312030,
22487,-0.00405987,-0.00306564,0.00601204,0.02702738,-0.97703302,0.21134408,0.00312829,
22497,-0.00638632,-0.00190666,0.00128941,0.02703298,-0.97703260,0.21134475,0.00315599,
22507,-0.00192668,-0.00762905,0.00918200,0.02705785,-0.97703183,0.21134484,0.00316857,
22517,-0.00164236,-0.00291426,0.01019860,0.02707751,-0.97703123,0.21134490,0.00317792,
22528,0.00628942,-0.00665275,0.01095105,0.02708918,-0.97703099,0.21134460,0.00317018,
22539,-0.00097516,-0.00069423,0.01181555,0.02710136,-0.97703075,0.21134427,0.00316231,
22549,0.00438760,0.00226977,0.00492358,0.02709427,-0.97703111,0.21134382,0.00314242,
22550,,,,,,,,0.00000000,0.00000000
22559,0.00703847,-0.00259589,0.01270807,0.02708860,-0.97703147,0.21134320,0.00311664,
22569,0.00274866,0.00155545,0.00805539,0.02708116,-0.97703177,0.21134296,0.00310525,
22579,0.00862989,-0.00222826,0.00524077,0.02707625,-0.97703207,0.21134253,0.00308684,
22589,0.00447516,-0.00118279,0.00798385,0.02707531,-0.97703230,0.21134205,0.00306807,
22600,-0.00392697,0.00103366,0.00471672,0.02706894,-0.97703242,0.21134216,0.00306988,
22611,-0.00324522,-0.00005537,0.00723354,0.02706537,-0.97703248,0.21134225,0.00307236,
22621,0.00076539,0.00474831,0.00360914,0.02705240,-0.97703278,0.21134257,0.00308114,
22631,-0.00134155,-0.00235607,0.00252936,0.02705990,-0.97703242,0.21134299,0.00309985,
22641,-0.00263916,-0.00149084,0.00003635,0.02707388,-0.97703195,0.21134305,0.00310737,
22650,,,,,,,,0.00000000,0.00000000
22652,0.00038178,-0.00496447,0.00294023,0.02708005,-0.97703171,0.21134320,0.00311505,
22662,-0.00370773,-0.00669366,0.00536874,0.02708864,-0.97703141,0.21134342,0.00312701,
22673,-0.00209801,-0.00220242,0.00902440,0.02708559,-0.97703147,0.21134351,0.00312976,
22684,-0.00080486,-0.00361891,0.00401629,0.02708504,-0.97703147,0.21134353,0.00313057,
22694,0.00372507,-0.00454841,0.00566262,0.02709410,-0.97703135,0.21134308,0.00311666,
22704,-0.00302028,0.00009091,0.00795064,0.02708950,-0.97703141,0.21134332,0.00312416,
22714,-0.00344038,0.00094572,0.00494425,0.02708726,-0.97703135,0.21134371,0.00313883,
22724,-0.00047660,-0.00107591,0.00417348,0.02708524,-0.97703135,0.21134397,0.00314868,
22734,-0.00361812,0.00012580,0.00647364,0.02709258,-0.97703111,0.21134414,0.00315743,
22744,-0.00496763,0.00483890,0.00200849,0.02707632,-0.97703147,0.21134426,0.00315660,
22750,,,,,,,,0.00000000,0.00000000
22755,-0.00466582,-0.00301268,0.01002982,0.02709024,-0.97703117,0.21134396,0.00315002,
22766,-0.00157760,0.00132417,0.01355220,0.02707962,-0.97703141,0.21134418,0.00315511,
22777,-0.00200187,0.00422501,0.00652433,0.02707117,-0.97703171,0.21134414,0.00315084,
22787,-0.00317531,-0.00089348,0.00618422,0.02708097,-0.97703141,0.21134412,0.00315391,
22797,-0.00374678,-0.00027889,0.00869972,0.02708646,-0.97703117,0.21134429,0.00316224,
22807,-0.00134696,-0.00119993,0.00263324,0.02708665,-0.97703111,0.21134442,0.00316801,
22818,-0.00548000,-0.00507842,0.00863321,0.02708866,-0.97703087,0.21134490,0.00318744,
22829,-0.00364027,-0.00552230,0.00357655,0.02710387,-0.97703040,0.21134500,0.00319658,
22839,-0.00613074,-0.00476005,0.00495448,0.02711745,-0.97703004,0.21134505,0.00320354,
22849,0.00116894,-0.00147213,0.00369031,0.02711431,-0.97703004,0.21134517,0.00320717,
22850,,,,,,,,0.00000000,0.00000000
22859,-0.00297083,0.00453585,0.00598792,0.02709861,-0.97703028,0.21134573,0.00322377,
22869,0.00712817,0.00097856,0.00298633,0.02710232,-0.97703028,0.21134537,0.00321083,
22879,0.00435754,-0.00615592,-0.00071173,0.02711164,-0.97703016,0.21134497,0.00319869,
22889,0.00542126,-0.00168941,0.00329861,0.02710649,-0.97703028,0.21134505,0.00320034,
22900,0.01151495,-0.00314115,0.00212996,0.02708431,-0.97703111,0.21134466,0.00317783,
22911,0.01184573,0.00659288,0.00301810,0.02705271,-0.97703212,0.21134430,0.00315317,
22922,0.00760896,0.00244957,0.00858150,0.02704717,-0.97703242,0.21134387,0.00313483,
22932,0.00500993,0.00012615,0.00818937,0.02703952,-0.97703266,0.21134384,0.00313123,
22942,0.01439156,0.00576986,-0.00176469,0.02701779,-0.97703350,0.21134330,0.00310303,
22951,,,,,,,,0.00000000,0.00000000
22953,0.00664646,0.00467784,-0.00088234,0.02700352,-0.97703391,0.21134329,0.00309753,
22963,0.00812212,0.00291875,0.00419750,0.02699620,-0.97703421,0.21134293,0.00308159,
22973,0.01052316,0.00227572,0.00820227,0.02698557,-0.97703475,0.21134229,0.00305319,
22983,0.00780980,0.00051988,0.00385699,0.02699273,-0.97703475,0.21134169,0.00303257,
22993,-0.00016157,-0.00180763,-0.00222189,0.02700143,-0.97703469,0.21134104,0.00301022,
23004,-0.00826713,-0.00440571,0.00010213,0.02702422,-0.97703409,0.21134084,0.00301062,
23015,-0.00838314,-0.00593363,-0.00483938,0.02704655,-0.97703338,0.21134098,0.00302352,
23025,-0.00211637,-0.00231069,-0.00096247,0.02705315,-0.97703326,0.21134079,0.00301876,
23035,-0.00480422,-0.00001856,0.00024356,0.02705662,-0.97703302,0.21134116,0.00303434,
23045,-0.00321845,-0.00542615,0.00279969,0.02707605,-0.97703254,0.21134108,0.00303843,
23052,,,,,,,,0.00000000,0.00000000
23055,-0.00585117,-0.00180518,0.00529847,0.02707230,-0.97703260,0.21134122,0.00304236,
23065,-0.00059099,-0.00003284,0.00191681,0.02705264,-0.97703314,0.21134125,0.00303690,
23076,0.00032249,0.00402716,0.00364395,0.02703918,-0.97703356,0.21134122,0.00303142,
23087,-0.00382893,0.00481357,0.00377510,0.02702742,-0.97703373,0.21134171,0.00304676,
23097,-0.00200602,0.00105638,0.00603794,0.02701863,-0.97703397,0.21134186,0.00304959,
23107,0.00352885,0.00090966,0.00375139,0.02702415,-0.97703385,0.21134165,0.00304346,
23117,0.00650228,0.00301831,0.00382882,0.02701628,-0.97703421,0.21134114,0.00302161,
23127,0.01015574,0.00041052,0.00240269,0.02700777,-0.97703469,0.21134061,0.00299823,
23137,0.00249914,0.00472949,-0.00124006,0.02701369,-0.97703445,0.21134067,0.00300289,
23147,0.00313403,0.01629602,0.00768075,0.02696533,-0.97703516,0.21134284,0.00305057,
23152,,,,,,,,0.00000000,0.00000000
23158,0.00827325,-0.00267047,0.01652806,0.02701244,-0.97703314,0.21134645,0.00302914,
23169,0.00459439,-0.00317392,0.00679919,0.02701793,-0.97703385,0.21134183,0.00307237,
23179,0.00399092,0.00019069,0.00266717,0.02700093,-0.97703463,0.21134000,0.00310568,
23189,-0.00023232,-0.00004198,0.00694882,0.02700729,-0.97703469,0.21133868,0.00311212,
23199,-0.00477772,-0.00501825,0.01079100,0.02702269,-0.97703445,0.21133795,0.00311636,
23209,0.00780401,-0.00289059,0.01198730,0.02701703,-0.97703481,0.21133727,0.00310197,
23219,0.00630526,-0.00471831,0.01282196,0.02703414,-0.97703439,0.21133697,0.00310311,
23230,0.00116899,0.00459885,0.01201858,0.02703386,-0.97703433,0.21133703,0.00310921,
23241,-0.00088035,0.00777733,0.01113624,0.02702723,-0.97703439,0.21133749,0.00312676,
23251,-0.00773388,0.00324017,0.00410328,0.02701851,-0.97703439,0.21133822,0.00315284,
23252,,,,,,,,0.00000000,0.00000000
23261,-0.00433233,-0.00146982,0.00034265,0.02701148,-0.97703451,0.21133851,0.00316223,
23271,-0.00360812,-0.00380956,0.00309339,0.02701575,-0.97703433,0.21133856,0.00316636,
23281,0.00065260,-0.00083666,0.00496466,0.02701295,-0.97703445,0.21133853,0.00316456,
23291,-0.00352654,-0.00591150,0.00369540,0.02703229,-0.97703385,0.21133870,0.00317824,
23301,0.00364597,-0.00380261,0.00525804,0.02704115,-0.97703362,0.21133861,0.00317761,
23312,-0.00034376,-0.00395361,0.00701592,0.02705622,-0.97703326,0.21133837,0.00317426,
23323,-0.00450538,-0.00014575,0.00179135,0.02705197,-0.97703326,0.21133877,0.00318852,
23333,0.00657452,0.00563391,0.00870054,0.02703575,-0.97703367,0.21133885,0.00318581,
23343,0.00408072,0.00535754,0.00849303,0.02703361,-0.97703362,0.21133909,0.00319463,
23352,,,,,,,,0.00000000,0.00000000
23353,-0.00156072,0.00326624,0.00204162,0.02703233,-0.97703362,0.21133927,0.00320131,
23363,-0.00165011,0.00072522,0.00345459,0.02702047,-0.97703367,0.21134007,0.00322881,
23373,-0.00290788,0.00725195,0.00221557,0.02700717,-0.97703385,0.21134070,0.00324868,
23383,-0.00620705,0.00537311,0.00184021,0.02699557,-0.97703397,0.21134132,0.00326901,
23393,-0.00465229,0.00030618,0.00408630,0.02700252,-0.97703362,0.21134181,0.00329070,
23404,-0.00533213,0.00093892,0.00569763,0.02700441,-0.97703344,0.21134217,0.00330530,
23415,-0.00128514,0.00126292,0.00064392,0.02700749,-0.97703332,0.21134225,0.00330907,
23425,-0.00000170,0.00312627,0.00690613,0.02700521,-0.97703338,0.21134220,0.00330684,
23435,-0.00202264,0.00356204,0.00760345,0.02700093,-0.97703338,0.21134251,0.00331782,
23445,-0.00134701,0.00448945,0.00746384,0.02698761,-0.97703373,0.21134260,0.00331730,
23453,,,,,,,,0.00000000,0.00000000
23456,-0.00318358,0.00661637,0.00568504,0.02696197,-0.97703433,0.21134314,0.00332910,
23466,0.00149812,0.00790871,0.00381908,0.02693950,-0.97703487,0.21134338,0.00333113,
23477,-0.00176101,0.00855488,0.00337439,0.02692936,-0.97703505,0.21134374,0.00334161,
23488,-0.00143745,0.01009104,0.00437274,0.02692128,-0.97703516,0.21134396,0.00334748,
23499,-0.00055851,0.00232183,0.00389535,0.02691900,-0.97703528,0.21134375,0.00333864,
23509,0.00377958,0.00550967,0.00585393,0.02691171,-0.97703552,0.21134365,0.00333177,
23519,0.00861129,0.00393739,-0.00122343,0.02691107,-0.97703564,0.21134332,0.00331925,
23529,0.00342826,0.00628693,0.00182969,0.02688971,-0.97703636,0.21134302,0.00330064,
23539,0.00423946,-0.00154861,-0.00079414,0.02688610,-0.97703665,0.21134257,0.00328226,
23549,0.01095457,-0.00423042,0.00350918,0.02688774,-0.97703695,0.21134174,0.00325046,
23554,,,,,,,,0.00000000,0.00000000
23559,0.00746856,0.00101284,-0.00019853,0.02688654,-0.97703707,0.21134134,0.00323429,
23570,0.01009719,0.00166609,0.00234977,0.02687320,-0.97703761,0.21134093,0.00321434,
23581,0.00407966,0.00027610,0.00313564,0.02686362,-0.97703797,0.21134076,0.00320365,
23591,0.00422947,0.00251079,0.00401685,0.02685533,-0.97703826,0.21134046,0.00318975,
23601,0.00403734,-0.00587809,0.00079535,0.02685980,-0.97703832,0.21133994,0.00317093,
23611,-0.00480964,-0.00617391,0.00357913,0.02685867,-0.97703826,0.21134022,0.00318144,
23622,-0.00386966,0.00367269,0.00082063,0.02685029,-0.97703850,0.21134029,0.00318176,
23633,0.00000303,0.00054698,0.00408006,0.02685112,-0.97703850,0.21134008,0.00317433,
23644,-0.00388947,-0.00295375,0.00448906,0.02685865,-0.97703826,0.21134025,0.00318384,
23654,,,,,,,,0.00000000,0.00000000
23654,-0.00411148,-0.00054609,0.00590664,0.02686835,-0.97703791,0.21134046,0.00319501,
23664,0.00528374,0.00065011,0.00759962,0.02686874,-0.97703791,0.21134041,0.00319362,
23674,0.00313778,0.00149235,0.00014533,0.02686800,-0.97703797,0.21134035,0.00319112,
23684,0.00231657,0.00092165,0.00545139,0.02686039,-0.97703815,0.21134052,0.00319522,
23694,-0.00151200,-0.00642089,0.00858507,0.02686788,-0.97703791,0.21134046,0.00319545,
23704,0.00556877,-0.00227966,0.00918298,0.02686890,-0.97703803,0.21133995,0.00317598,
23715,0.00302089,0.00220948,0.00386670,0.02686008,-0.97703826,0.21134004,0.00317668,
23726,0.00322706,0.00396576,0.00291754,0.02685481,-0.97703838,0.21134026,0.00318391,
23736,0.00747291,0.00459976,0.00512851,0.02685338,-0.97703838,0.21134025,0.00318357,
23746,0.00201984,0.00149117,0.01087266,0.02684625,-0.97703862,0.21134022,0.00318000,
23754,,,,,,,,0.00000000,0.00000000
23756,0.00003336,-0.00616665,0.00983849,0.02684358,-0.97703868,0.21134028,0.00318163,
23767,-0.00798656,-0.00071058,0.01078625,0.02685300,-0.97703815,0.21134093,0.00321067,
23778,-0.00784612,0.00055261,0.00930700,0.02685764,-0.97703791,0.21134125,0.00322463,
23789,-0.00531161,0.00482342,0.00319629,0.02685128,-0.97703791,0.21134177,0.00324330,
23800,-0.00766832,-0.00230325,0.00257471,0.02686021,-0.97703749,0.21134233,0.00326832,
23810,-0.00397912,-0.00365407,0.00470532,0.02687017,-0.97703719,0.21134236,0.00327334,
23820,0.00197773,0.00416204,0.00577826,0.02684393,-0.97703797,0.21134233,0.00326309,
23830,-0.00742636,0.00395022,0.00313327,0.02685562,-0.97703743,0.21134286,0.00328781,
23840,-0.00626903,-0.00492949,0.00010179,0.02686692,-0.97703707,0.21134302,0.00329860,
23851,-0.00131109,-0.00499008,0.00517785,0.02686483,-0.97703713,0.21134304,0.00329852,
23854,,,,,,,,0.00000000,0.00000000
23862,-0.00588168,-0.00157188,0.00356549,0.02688131,-0.97703660,0.21134321,0.00331149,
23873,-0.01128740,-0.00448620,0.00617727,0.02690195,-0.97703576,0.21134377,0.00334018,
23884,0.00015464,-0.00204473,0.00723903,0.02690674,-0.97703558,0.21134391,0.00334802,
23895,0.00318248,-0.00277713,0.00996717,0.02690947,-0.97703552,0.21134391,0.00334951,
23905,-0.00165888,-0.00630189,0.00498359,0.02691722,-0.97703540,0.21134374,0.00334517,
23915,-0.00261472,0.00483703,-0.00190274,0.02690150,-0.97703576,0.21134393,0.00334741,
23925,0.00080598,0.00259399,0.00222246,0.02689352,-0.97703600,0.21134394,0.00334491,
23936,0.00198991,-0.00096893,0.00574990,0.02688558,-0.97703636,0.21134344,0.00332255,
23947,0.00523690,-0.00611496,0.00629292,0.02690243,-0.97703624,0.21134248,0.00329160,
23955,,,,,,,,0.00000000,0.00000000
23958,0.00760044,-0.00307274,0.00680857,0.02691176,-0.97703612,0.21134211,0.00328039,
23968,-0.00145643,-0.00106335,0.00560155,0.02691910,-0.97703588,0.21134213,0.00328338,
23978,0.00059167,-0.00005865,0.00719531,0.02692306,-0.97703588,0.21134189,0.00327555,
23988,0.00889416,-0.00350833,0.00579492,0.02689733,-0.97703671,0.21134156,0.00325425,
23998,0.00279150,0.00208342,0.00656720,0.02688091,-0.97703719,0.21134147,0.00324504,
24008,-0.00025983,0.00487930,0.00695334,0.02687269,-0.97703743,0.21134141,0.00324043,
24018,-0.00369284,0.00428596,0.00421672,0.02685493,-0.97703767,0.21134213,0.00326269,
24029,0.00212086,-0.00379269,0.00895193,0.02685630,-0.97703773,0.21134193,0.00325557,
24040,0.00206751,-0.00490233,0.01107539,0.02685196,-0.97703803,0.21134143,0.00323430,
24050,0.00541303,-0.00229857,0.00578946,0.02684119,-0.97703856,0.21134077,0.00320524,
24056,,,,,,,,0.00000000,0.00000000
24060,0.00121878,0.00582398,0.00046096,0.02682539,-0.97703910,0.21134046,0.00318735,
24070,-0.00087071,0.00498718,-0.00122674,0.02680861,-0.97703958,0.21134047,0.00318239,
24080,-0.00044299,-0.00394562,-0.00255886,0.02681895,-0.97703934,0.21134034,0.00318104,
24090,-0.00096154,-0.00232376,-0.00005110,0.02681744,-0.97703934,0.21134040,0.00318294,
24101,-0.00778973,-0.00075752,0.00315591,0.02682785,-0.97703898,0.21134058,0.00319356,
24112,-0.00142294,-0.00603977,0.00304280,0.02685500,-0.97703826,0.21134052,0.00320079,
24122,0.00076863,-0.00498827,0.00200968,0.02687921,-0.97703767,0.21134010,0.00319354,
24132,0.00158976,-0.00323419,0.00222554,0.02689239,-0.97703749,0.21133955,0.00317665,
24142,0.00321340,0.00542484,0.01307566,0.02688584,-0.97703779,0.21133927,0.00316359,
24152,0.00157618,0.00122469,0.01142064,0.02688949,-0.97703779,0.21133897,0.00315320,
24157,,,,,,,,0.00000000,0.00000000
24162,-0.00460589,0.00107011,0.00522204,0.02688535,-0.97703791,0.21133900,0.00315313,
24172,-0.00356180,-0.00024314,-0.00031104,0.02687718,-0.97703815,0.21133891,0.00314727,
24182,-0.00158253,0.00033619,0.00107281,0.02687785,-0.97703826,0.21133865,0.00313763,
24193,-0.00694056,-0.00157141,0.00322958,0.02687763,-0.97703826,0.21133858,0.00313469,
24204,-0.00762830,-0.00619494,0.00894664,0.02687725,-0.97703815,0.21133903,0.00315254,
24215,-0.00114386,-0.00190729,0.00886785,0.02688162,-0.97703803,0.21133907,0.00315593,
24225,0.00013760,-0.00438687,0.00516635,0.02688926,-0.97703785,0.21133888,0.00315136,
24235,0.00585951,-0.00487135,0.00038591,0.02689981,-0.97703779,0.21133813,0.00312614,
24245,-0.00028222,-0.00314521,-0.00102775,0.02691687,-0.97703731,0.21133797,0.00312548,
24255,0.00250629,-0.00130558,0.00363652,0.02692593,-0.97703707,0.21133791,0.00312641,
24258,,,,,,,,0.00000000,0.00000000
24266,0.00266458,-0.01036501,0.00230654,0.02694340,-0.97703671,0.21133745,0.00311485,
24277,0.00442220,-0.00294709,0.00017671,0.02694280,-0.97703689,0.21133703,0.00309822,
24288,0.00286723,0.00316513,0.00668015,0.02692412,-0.97703743,0.21133710,0.00309513,
24299,0.00038839,0.00668663,0.00554497,0.02690271,-0.97703791,0.21133748,0.00310221,
24309,-0.00181234,0.00087902,0.00668636,0.02689251,-0.97703809,0.21133783,0.00311276,
24319,-0.00046366,0.00211035,0.00481566,0.02688019,-0.97703832,0.21133818,0.00312225,
24329,0.00337687,0.00417560,0.00778655,0.02686836,-0.97703862,0.21133836,0.00312567,
24339,-0.00032572,-0.00087241,0.00243606,0.02687214,-0.97703856,0.21133816,0.00311936,
24350,-0.00608327,0.00195943,0.00488777,0.02686734,-0.97703868,0.21133822,0.00312055,
24358,,,,,,,,0.00000000,0.00000000
24361,-0.00359095,0.00166636,0.00733433,0.02686449,-0.97703874,0.21133819,0.00311829,
24372,-0.00552625,0.00151982,0.01148729,0.02686075,-0.97703886,0.21133818,0.00311684,
24383,-0.00257239,0.00339968,0.00916924,0.02686126,-0.97703880,0.21133831,0.00312227,
24393,-0.00158374,0.00383607,0.00678952,0.02685617,-0.97703892,0.21133843,0.00312587,
24403,0.00039069,0.00039979,0.00730864,0.02685736,-0.97703886,0.21133861,0.00313347,
24413,-0.00010220,-0.00006714,0.00292190,0.02687060,-0.97703856,0.21133834,0.00312732,
24424,-0.00227126,-0.00226898,-0.00171288,0.02687513,-0.97703832,0.21133859,0.00313914,
24435,0.00200005,0.00371018,0.00305744,0.02687429,-0.97703838,0.21133858,0.00313818,
24445,-0.00389042,0.00206108,0.00323770,0.02687612,-0.97703815,0.21133900,0.00315536,
24455,-0.00293703,-0.00434818,0.00161885,0.02689169,-0.97703779,0.21133885,0.00315556,
24458,,,,,,,,0.00000000,0.00000000
24465,-0.00127015,-0.00315828,0.00251841,0.02689631,-0.97703779,0.21133839,0.00313912,
24475,-0.00287049,0.00427260,0.00711858,0.02690034,-0.97703767,0.21133828,0.00313652,
24485,-0.00220581,-0.00273888,0.00526827,0.02691090,-0.97703743,0.21133812,0.00313379,
24495,-0.00355194,-0.00525280,0.00727281,0.02692399,-0.97703701,0.21133825,0.00314399,
24505,-0.00053238,-0.00162695,0.00558953,0.02693523,-0.97703660,0.21133867,0.00316423,
24516,-0.00292885,-0.00077533,0.00084164,0.02694746,-0.97703618,0.21133885,0.00317519,
24527,0.00318188,-0.00203561,0.00090910,0.02696194,-0.97703588,0.21133852,0.00316805,
24538,0.00014898,0.00362087,0.00680221,0.02694283,-0.97703624,0.21133894,0.00317790,
24549,-0.00403775,-0.00232470,0.00608665,0.02694288,-0.97703612,0.21133921,0.00318884,
24558,,,,,,,,0.00000000,0.00000000
24559,-0.00248427,-0.00432092,0.00133434,0.02694119,-0.97703624,0.21133918,0.00318728,
24569,-0.00267646,-0.00311413,0.00286444,0.02694574,-0.97703606,0.21133925,0.00319174,
24579,0.00110318,-0.00320502,0.00021151,0.02696157,-0.97703576,0.21133867,0.00317483,
24589,0.00345076,-0.00299106,0.00157060,0.02697592,-0.97703564,0.21133789,0.00314928,
24600,0.00411338,-0.00604265,0.00664468,0.02698697,-0.97703558,0.21133712,0.00312336,
24611,0.00105724,-0.00387582,0.00404713,0.02700868,-0.97703505,0.21133687,0.00312111,
24622,-0.00169916,-0.00595097,0.00641047,0.02702716,-0.97703463,0.21133658,0.00311639,
24632,-0.00378690,-0.00016024,0.00783628,0.02703650,-0.97703433,0.21133670,0.00312430,
24642,-0.00336592,0.00007247,0.00561949,0.02705294,-0.97703391,0.21133657,0.00312478,
24652,-0.00120231,0.00430107,0.01061462,0.02704197,-0.97703415,0.21133679,0.00313005,
24658,,,,,,,,0.00000000,0.00000000
24662,-0.00473629,-0.00164128,0.01189148,0.02703825,-0.97703409,0.21133718,0.00314435,
24673,-0.00089567,0.00000334,0.00887543,0.02702543,-0.97703439,0.21133742,0.00314937,
24684,-0.00167617,-0.00110459,0.00906876,0.02702760,-0.97703439,0.21133721,0.00314224,
24694,-0.00203590,-0.00384057,0.00306190,0.02703903,-0.97703397,0.21133739,0.00315331,
24704,-0.00490131,-0.00397259,0.00689442,0.02705194,-0.97703362,0.21133736,0.00315666,
24714,-0.00583811,-0.00646475,0.00636927,0.02706721,-0.97703320,0.21133730,0.00315957,
24724,-0.00343785,-0.00114192,0.00708325,0.02705845,-0.97703362,0.21133678,0.00313652,
24734,-0.00223773,0.00151949,0.00744025,0.02705407,-0.97703385,0.21133652,0.00312499,
24744,-0.00115701,0.00209489,0.00249942,0.02703940,-0.97703433,0.21133637,0.00311418,
24754,0.00349559,0.00313790,0.01003114,0.02703898,-0.97703457,0.21133570,0.00308861,
24759,,,,,,,,0.00000000,0.00000000
24765,0.00022192,0.00147740,0.00891419,0.02704749,-0.97703445,0.21133542,0.00308106,
24776,0.00586352,-0.00421278,0.00322876,0.02705803,-0.97703445,0.21133462,0.00305360,
24786,0.00839441,-0.00145026,0.01332550,0.02705456,-0.97703481,0.21133380,0.00302076,
24796,0.01135358,-0.00326572,0.00544205,0.02704107,-0.97703534,0.21133333,0.00299804,
24806,0.00451712,-0.00318926,0.00833626,0.02703585,-0.97703564,0.21133286,0.00297812,
24816,-0.00207494,-0.00241860,0.00514469,0.02703259,-0.97703582,0.21133259,0.00296721,
24826,-0.00927721,0.00042339,0.01062136,0.02703794,-0.97703576,0.21133238,0.00296125,
24836,-0.00361627,-0.00081064,-0.00275359,0.02705452,-0.97703540,0.21133190,0.00294849,
24846,-0.00176236,0.00173854,-0.00089614,0.02705865,-0.97703534,0.21133171,0.00294235,
24857,-0.00206373,0.00226545,0.00222985,0.02705253,-0.97703552,0.21133164,0.00293730,
24860,,,,,,,,0.00000000,0.00000000
24868,0.00338555,-0.00209451,0.00550182,0.02705544,-0.97703558,0.21133125,0.00292316,
24878,-0.00318241,0.00012004,0.00445227,0.02705662,-0.97703564,0.21133091,0.00291056,
24888,0.00108671,-0.00147349,0.00051715,0.02704543,-0.97703606,0.21133068,0.00289833,
24898,0.00006271,-0.00130132,0.00343240,0.02703737,-0.97703624,0.21133077,0.00289907,
24908,-0.00411141,0.00340818,0.00147206,0.02702904,-0.97703648,0.21133086,0.00290037,
24918,-0.00131565,0.00209319,0.00244501,0.02702166,-0.97703660,0.21133101,0.00290399,
24928,-0.00281695,0.00218337,0.00049009,0.02702504,-0.97703642,0.21133132,0.00291742,
24938,0.00026999,-0.00019005,0.00683684,0.02703211,-0.97703648,0.21133053,0.00288898,
24949,0.00275951,-0.00115551,0.00952194,0.02702346,-0.97703695,0.21132994,0.00286321,
24960,0.00059393,0.00202387,0.00183128,0.02701750,-0.97703719,0.21132979,0.00285555,
24961,,,,,,,,0.00000000,0.00000000
24970,-0.00338803,0.00239285,0.00628673,0.02701822,-0.97703707,0.21132997,0.00286307,
24980,-0.00558501,-0.00328203,0.00460821,0.02702340,-0.97703671,0.21133056,0.00288816,
24990,-0.00497451,-0.00272439,-0.00477597,0.02701505,-0.97703683,0.21133101,0.00290303,
25000,-0.00905616,-0.00584065,-0.00019072,0.02702080,-0.97703660,0.21133117,0.00291146,
25010,0.00084301,-0.00615519,0.00478745,0.02703422,-0.97703636,0.21133085,0.00290328,
25020,0.00263403,-0.00314626,0.00092888,0.02703862,-0.97703624,0.21133092,0.00290748,
25030,0.00764178,-0.00383906,0.00168514,0.02703475,-0.97703648,0.21133052,0.00289100,
25041,0.00354623,-0.00031736,0.00377226,0.02701575,-0.97703701,0.21133041,0.00288119,
25052,0.00175023,-0.00173796,0.00310683,0.02700355,-0.97703731,0.21133046,0.00287890,
25062,,,,,,,,0.00000000,0.00000000
25063,0.00403368,0.00486069,0.00472724,0.02698994,-0.97703767,0.21133071,0.00288480,
25074,0.00396234,0.00522271,0.00553745,0.02698061,-0.97703779,0.21133098,0.00289227,
25084,-0.00337467,0.00222225,0.00154802,0.02697405,-0.97703785,0.21133141,0.00290683,
25094,-0.00315218,0.00121031,0.00565682,0.02696927,-0.97703797,0.21133149,0.00290848,
25104,-0.00616898,0.00044494,0.00063115,0.02696561,-0.97703785,0.21133216,0.00293323,
25114,-0.00377114,0.00152709,0.00666323,0.02696163,-0.97703785,0.21133253,0.00294620,
25125,-0.00183216,0.00061096,0.00357576,0.02696514,-0.97703767,0.21133277,0.00295658,
25136,0.00230352,0.00112183,0.00178788,0.02696273,-0.97703773,0.21133278,0.00295676,
25147,0.00167819,0.00234619,-0.00105919,0.02695700,-0.97703791,0.21133277,0.00295455,
25157,0.00695024,-0.00215332,0.00117939,0.02695957,-0.97703797,0.21133232,0.00293799,
25163,,,,,,,,0.00000000,0.00000000
25167,0.00102608,-0.00657745,0.00229868,0.02696876,-0.97703791,0.21133178,0.00292026,
25177,0.00536534,-0.00998734,0.00456731,0.02698086,-0.97703779,0.21133101,0.00289465,
25187,0.00043963,-0.00822853,0.00838717,0.02700908,-0.97703725,0.21133019,0.00287241,
25198,0.00190591,-0.00730335,0.00760392,0.02704684,-0.97703636,0.21132973,0.00286731,
25209,0.00433278,-0.00829035,0.00867715,0.02707217,-0.97703576,0.21132916,0.00285392,
25219,0.00380671,-0.01046994,0.00384266,0.02709132,-0.97703552,0.21132836,0.00282962,
25229,-0.00228518,-0.00717284,0.00752894,0.02710326,-0.97703516,0.21132837,0.00283413,
25239,-0.00480470,-0.00284637,0.00863965,0.02710995,-0.97703481,0.21132889,0.00285611,
25249,-0.00019746,-0.00362808,0.00748602,0.02710579,-0.97703481,0.21132937,0.00287338,
25259,0.00210617,-0.00401893,0.00690921,0.02710371,-0.97703481,0.21132961,0.00288201,
25264,,,,,,,,0.00000000,0.00000000
25269,0.00469993,0.00380413,0.00369112,0.02707935,-0.97703540,0.21132973,0.00287860,
25279,0.00234997,0.00479361,-0.00109176,0.02707384,-0.97703552,0.21132988,0.00288297,
25290,0.00289160,-0.00079228,-0.00128593,0.02708103,-0.97703528,0.21132986,0.00288501,
25301,0.00487140,-0.00018252,0.00008183,0.02707982,-0.97703528,0.21132994,0.00288764,
25311,0.00487710,0.00572997,0.00198641,0.02707471,-0.97703540,0.21132997,0.00288710,
25321,-0.00024699,0.00573364,0.00221391,0.02706122,-0.97703576,0.21133012,0.00288914,
25331,-0.00232076,-0.00106232,0.00915597,0.02707167,-0.97703552,0.21132994,0.00288568,
25341,-0.00795817,0.00236038,0.00798832,0.02707351,-0.97703528,0.21133044,0.00290601,
25351,-0.00734365,0.00647499,0.00375002,0.02705713,-0.97703552,0.21133110,0.00292592,
25361,0.00028020,0.00413776,0.00016603,0.02704997,-0.97703564,0.21133135,0.00293378,
25365,,,,,,,,0.00000000,0.00000000
25371,0.00090304,-0.00042593,0.00031952,0.02705440,-0.97703564,0.21133111,0.00292632,
25382,-0.00268416,0.00045079,0.00357010,0.02705158,-0.97703570,0.21133116,0.00292717,
25393,-0.00321891,-0.00543561,0.00617195,0.02706549,-0.97703516,0.21133149,0.00294458,
25403,-0.00397457,-0.00178702,0.00503147,0.02707064,-0.97703493,0.21133171,0.00295498,
25413,-0.01287443,-0.00287715,0.00446123,0.02708262,-0.97703457,0.21133196,0.00296886,
25423,-0.00266829,-0.00172849,0.00466439,0.02708497,-0.97703439,0.21133226,0.00298113,
25433,-0.00388999,-0.00066588,0.00110386,0.02708858,-0.97703415,0.21133268,0.00299931,
25443,-0.00450084,-0.00013458,-0.00067640,0.02709038,-0.97703403,0.21133289,0.00300840,
25453,-0.00527166,-0.00109726,-0.00083411,0.02708920,-0.97703391,0.21133330,0.00302380,
25463,0.00629056,0.00036690,0.00372571,0.02708241,-0.97703409,0.21133342,0.00302667,
25466,,,,,,,,0.00000000,0.00000000
25474,-0.00134843,-0.00499691,0.00429663,0.02708328,-0.97703403,0.21133351,0.00303065,
25485,-0.00005624,-0.00326139,0.00336139,0.02709273,-0.97703385,0.21133319,0.00302133,
25495,-0.00159977,-0.00872603,0.00460275,0.02710545,-0.97703350,0.21133307,0.00302069,
25505,-0.00137972,-0.00537010,0.00571172,0.02710560,-0.97703344,0.21133322,0.00302708,
25515,0.00042403,-0.00612591,0.00870760,0.02711121,-0.97703338,0.21133307,0.00302327,
25525,-0.00477761,-0.00381063,0.00312547,0.02711667,-0.97703326,0.21133292,0.00301947,
25535,-0.00492176,-0.00118815,0.00497307,0.02712167,-0.97703308,0.21133299,0.00302422,
25545,0.00181921,-0.00498861,0.00687344,0.02712863,-0.97703296,0.21133271,0.00301580,
25555,-0.00576612,-0.00344798,0.00001112,0.02714621,-0.97703242,0.21133277,0.00302447,
25566,-0.00712500,-0.00511144,0.00048621,0.02715879,-0.97703212,0.21133265,0.00302356,
25567,,,,,,,,0.00000000,0.00000000
25577,-0.00972705,-0.00131213,-0.00318249,0.02716183,-0.97703195,0.21133302,0.00303912,
25588,-0.00369623,0.00421149,-0.00135473,0.02714647,-0.97703218,0.21133351,0.00305321,
25599,-0.00480069,0.00474552,-0.00068500,0.02712589,-0.97703248,0.21133441,0.00308111,
25609,0.00194841,0.00402071,0.00453268,0.02710618,-0.97703296,0.21133468,0.00308510,
25619,-0.00417564,0.00146104,0.00323528,0.02709969,-0.97703302,0.21133500,0.00309563,
25629,0.00301625,0.00288964,0.00649282,0.02710571,-0.97703284,0.21133500,0.00309812,
25639,-0.00046789,0.00017071,0.00690089,0.02710378,-0.97703290,0.21133509,0.00310079,
25650,-0.00074511,0.00296927,0.00734907,0.02710604,-0.97703278,0.21133515,0.00310415,
25661,0.00521216,0.00046229,0.00342276,0.02710584,-0.97703278,0.21133509,0.00310171,
25667,,,,,,,,0.00000000,0.00000000
25672,0.00477283,0.00235212,0.00316860,0.02709033,-0.97703320,0.21133524,0.00310222,
25682,-0.00446478,0.00377768,0.00352979,0.02708032,-0.97703338,0.21133551,0.00310978,
25692,-0.00346835,-0.00014058,0.00761664,0.02707798,-0.97703344,0.21133561,0.00311324,
25702,-0.00856248,0.00251608,0.00184757,0.02707152,-0.97703350,0.21133605,0.00312804,
25712,-0.00943871,0.00290599,-0.00054869,0.02708148,-0.97703338,0.21133561,0.00311481,
25723,-0.00571881,0.00649602,-0.00028197,0.02707414,-0.97703356,0.21133564,0.00311349,
25734,-0.00142508,0.00340060,-0.00161346,0.02706920,-0.97703373,0.21133561,0.00311092,
25744,-0.00635066,0.00453843,0.00162705,0.02706500,-0.97703379,0.21133570,0.00311301,
25754,-0.00222166,0.00142998,0.00202660,0.02705544,-0.97703397,0.21133588,0.00311687,
25764,-0.00186614,-0.00281742,0.00051739,0.02704862,-0.97703415,0.21133599,0.00311881,
25768,,,,,,,,0.00000000,0.00000000
25774,-0.00533523,0.00359617,0.00757528,0.02704397,-0.97703421,0.21133624,0.00312719,
25784,-0.00365944,0.00143951,0.00426829,0.02704282,-0.97703427,0.21133620,0.00312511,
25794,0.00251141,0.00449630,0.00652868,0.02703162,-0.97703469,0.21133588,0.00310922,
25804,0.00313253,-0.00103249,0.00862780,0.02703566,-0.97703475,0.21133532,0.00308874,
25815,0.00587688,-0.00040180,0.00626703,0.02702357,-0.97703516,0.21133509,0.00307619,
25826,-0.00128825,-0.00203196,0.00679562,0.02702295,-0.97703522,0.21133503,0.00307362,
25836,0.00123271,-0.00189336,0.00413023,0.02701194,-0.97703552,0.21133511,0.00307317,
25846,-0.00045939,-0.00132052,0.00523894,0.02701215,-0.97703564,0.21133479,0.00306141,
25856,-0.00202260,-0.00468858,0.00384018,0.02701608,-0.97703552,0.21133476,0.00306185,
25866,-0.00082820,-0.00194756,0.00288902,0.02703531,-0.97703493,0.21133479,0.00306956,
25868,,,,,,,,0.00000000,0.00000000
25876,-0.00703641,-0.00181301,-0.00100453,0.02704284,-0.97703457,0.21133527,0.00309062,
25886,-0.00621901,0.00090929,0.00438055,0.02703056,-0.97703469,0.21133593,0.00311184,
25896,-0.01089149,-0.00431373,0.00511233,0.02703578,-0.97703427,0.21133670,0.00314383,
25907,-0.01051929,-0.00250782,0.00328096,0.02704989,-0.97703367,0.21133724,0.00316979,
25918,-0.00424494,-0.00425989,0.00822465,0.02707228,-0.97703314,0.21133704,0.00317036,
25928,-0.00184781,-0.00003186,0.00801094,0.02706845,-0.97703326,0.21133703,0.00316863,
25938,0.00028917,0.00085382,0.00424198,0.02705890,-0.97703362,0.21133666,0.00315106,
25948,0.00183831,0.00275388,0.00504305,0.02705096,-0.97703397,0.21133640,0.00313890,
25958,-0.00394840,0.00101073,0.00739671,0.02704601,-0.97703397,0.21133673,0.00315029,
25968,,,,,,,,0.00000000,0.00000000
25968,-0.00684175,0.00013915,0.00857354,0.02704353,-0.97703397,0.21133690,0.00315598,
25978,-0.00606828,-0.00007538,0.00379086,0.02703204,-0.97703415,0.21133734,0.00316955,
25988,-0.00544503,-0.00016739,0.00359678,0.02703645,-0.97703397,0.21133740,0.00317341,
25999,-0.00392033,-0.00141884,-0.00284791,0.02704278,-0.97703385,0.21133724,0.00316923,
26010,-0.00289858,0.00451672,0.00320709,0.02703127,-0.97703409,0.21133752,0.00317662,
26020,0.00077849,0.00308996,0.00184006,0.02702497,-0.97703427,0.21133757,0.00317673,
26030,-0.00444779,-0.00057599,-0.00176552,0.02701389,-0.97703445,0.21133789,0.00318548,
26040,0.00023277,0.00100900,0.00058208,0.02700579,-0.97703481,0.21133772,0.00317590,
26051,0.00159649,0.00199223,-0.00263865,0.02697361,-0.97703564,0.21133804,0.00317789,
26061,-0.00064371,0.00782442,0.00038966,0.02694562,-0.97703624,0.21133846,0.00318434,
26068,,,,,,,,0.00000000,0.00000000
26071,-0.00053548,0.00538469,-0.00322314,0.02693822,-0.97703636,0.21133867,0.00318982,
26081,-0.00147318,0.00488198,-0.00283227,0.02692721,-0.97703671,0.21133865,0.00318595,
26092,-0.00510061,0.00024372,-0.00483410,0.02692606,-0.97703671,0.21133888,0.00319428,
26103,-0.00080317,0.00037363,0.00197748,0.02692877,-0.97703660,0.21133900,0.00320014,
26113,0.00180331,0.00041570,0.00513913,0.02691759,-0.97703695,0.21133879,0.00318883,
26124,0.00064988,0.00652499,0.00330199,0.02690099,-0.97703743,0.21133867,0.00317832,
26134,0.00612328,0.00323198,0.00532073,0.02688910,-0.97703803,0.21133798,0.00314760,
26144,0.00009381,0.00157784,0.01023635,0.02688188,-0.97703826,0.21133795,0.00314447,
26154,0.00412100,0.00832676,0.00439338,0.02687534,-0.97703862,0.21133742,0.00312170,
26164,-0.00046483,0.00000536,0.00537052,0.02688536,-0.97703850,0.21133691,0.00310574,
26169,,,,,,,,0.00000000,0.00000000
26175,-0.00277300,-0.00584144,0.00463839,0.02689944,-0.97703826,0.21133631,0.00308719,
26186,-0.00076852,-0.00388965,0.00183091,0.02689946,-0.97703838,0.21133596,0.00307304,
26197,0.00074489,0.00170965,-0.00323493,0.02689408,-0.97703850,0.21133611,0.00307764,
26207,-0.00214526,0.00473819,-0.00014499,0.02688660,-0.97703862,0.21133646,0.00308958,
26217,-0.00403283,0.00696199,0.00725935,0.02687714,-0.97703862,0.21133733,0.00312009,
26227,-0.00666272,0.00150498,0.00973319,0.02688639,-0.97703815,0.21133780,0.00314164,
26237,-0.00117224,-0.00363441,0.00266933,0.02690068,-0.97703785,0.21133751,0.00313509,
26248,-0.00598010,-0.00423572,0.00475263,0.02691926,-0.97703731,0.21133745,0.00313969,
26259,-0.00008325,0.00082708,0.00091147,0.02692560,-0.97703719,0.21133743,0.00314147,
26270,,,,,,,,0.00000000,0.00000000
26270,-0.00007214,0.00164950,0.00802410,0.02692800,-0.97703713,0.21133736,0.00313962,
26280,-0.00201971,-0.00086134,0.01109213,0.02693262,-0.97703701,0.21133730,0.00313848,
26290,-0.00057498,0.00348321,0.01262614,0.02692383,-0.97703737,0.21133703,0.00312529,
26300,0.00667815,0.00902005,0.00290273,0.02688710,-0.97703856,0.21133655,0.00309470,
26310,0.00710799,0.00813399,0.00048243,0.02686874,-0.97703922,0.21133605,0.00306908,
26320,0.00269950,0.00354056,-0.00072772,0.02686227,-0.97703946,0.21133593,0.00306185,
26330,0.00050289,0.00125148,0.00330588,0.02686284,-0.97703946,0.21133596,0.00306363,
26341,0.00036589,0.00132765,0.00166057,0.02686126,-0.97703958,0.21133581,0.00305693,
26352,0.00539382,0.00403602,0.00669729,0.02685069,-0.97703999,0.21133548,0.00304048,
26363,-0.00135430,0.00995258,0.00286799,0.02680918,-0.97704101,0.21133596,0.00304537,
26371,,,,,,,,0.00000000,0.00000000
26373,0.00039860,0.00048258,0.00241819,0.02679941,-0.97704124,0.21133608,0.00304733,
26383,-0.00166227,-0.00351237,-0.00073640,0.02679943,-0.97704124,0.21133599,0.00304414,
26393,0.00193070,0.00082255,0.00256912,0.02679041,-0.97704160,0.21133581,0.00303393,
26403,0.00033211,-0.00015330,0.00300117,0.02680099,-0.97704130,0.21133579,0.00303732,
26413,-0.00383938,-0.00113714,0.00370548,0.02680841,-0.97704089,0.21133636,0.00306226,
26424,-0.00396437,-0.00065249,0.00234865,0.02681396,-0.97704059,0.21133676,0.00308005,
26435,0.00303033,-0.00040254,0.01070344,0.02681652,-0.97704053,0.21133664,0.00307639,
26445,-0.00078128,0.00117202,0.00902146,0.02681290,-0.97704059,0.21133682,0.00308243,
26455,-0.00049745,0.00124977,0.00891289,0.02681965,-0.97704041,0.21133676,0.00308241,
26465,0.00084991,0.00419544,0.00568478,0.02681363,-0.97704065,0.21133667,0.00307684,
26472,,,,,,,,0.00000000,0.00000000
26475,-0.00480118,0.00274622,0.01017424,0.02681530,-0.97704053,0.21133679,0.00308255,
26485,-0.00759621,-0.00527972,0.00900100,0.02683092,-0.97703993,0.21133710,0.00310019,
26495,-0.00362263,-0.00193796,0.00987922,0.02685292,-0.97703934,0.21133700,0.00310375,
26505,-0.00068979,-0.00441747,0.00543552,0.02686170,-0.97703922,0.21133657,0.00308997,
26516,0.00222621,0.00117872,0.00077227,0.02686201,-0.97703934,0.21133627,0.00307873,
26527,0.00051801,0.00202369,0.00430001,0.02686307,-0.97703934,0.21133612,0.00307343,
26537,0.00231131,0.00317096,0.00044865,0.02685849,-0.97703964,0.21133566,0.00305448,
26547,0.00053005,0.00593424,0.00828860,0.02685171,-0.97703987,0.21133560,0.00304985,
26557,-0.00037585,-0.00048900,0.00537263,0.02685136,-0.97703993,0.21133536,0.00304055,
26567,0.00278754,0.00898707,0.00367051,0.02683999,-0.97704053,0.21133474,0.00301246,
26572,,,,,,,,0.00000000,0.00000000
26578,0.00121066,0.00590497,0.00428429,0.02683483,-0.97704071,0.21133460,0.00300573,
26588,0.00042223,0.00436392,0.00459118,0.02683225,-0.97704077,0.21133453,0.00300236,
26598,-0.00068153,0.00460811,0.00767431,0.02685269,-0.97704017,0.21133453,0.00300906,
26608,0.00094860,0.00959013,0.00628619,0.02684711,-0.97704035,0.21133450,0.00300629,
26619,0.00370154,0.00696181,0.00437143,0.02684706,-0.97704041,0.21133432,0.00299964,
26630,0.00068347,0.00415992,-0.00293361,0.02683492,-0.97704077,0.21133438,0.00299769,
26640,-0.00081030,-0.00065899,-0.00414472,0.02683171,-0.97704083,0.21133453,0.00300277,
26650,-0.00347980,-0.00525808,-0.00157645,0.02683763,-0.97704053,0.21133490,0.00301960,
26660,-0.00430338,-0.00462031,-0.00151302,0.02684838,-0.97704005,0.21133532,0.00303975,
26670,-0.00493642,0.00032198,0.00974917,0.02684594,-0.97703993,0.21133590,0.00306184,
26673,,,,,,,,0.00000000,0.00000000
26681,-0.00645075,-0.00135726,0.00268495,0.02684794,-0.97703969,0.21133643,0.00308395,
26692,-0.00814634,-0.00218162,0.00720948,0.02685852,-0.97703922,0.21133703,0.00311094,
26703,-0.00192931,-0.00161724,0.00849518,0.02686300,-0.97703904,0.21133718,0.00311844,
26713,-0.00539733,-0.00278463,0.00595657,0.02687428,-0.97703862,0.21133734,0.00312892,
26723,-0.01027465,-0.00288005,0.00639626,0.02688462,-0.97703820,0.21133776,0.00314887,
26733,-0.00439728,0.00557139,0.00686787,0.02687008,-0.97703838,0.21133840,0.00316900,
26743,0.00220352,-0.00091456,0.01051401,0.02687493,-0.97703820,0.21133855,0.00317683,
26753,0.00255898,0.00022174,0.00965917,0.02687150,-0.97703826,0.21133856,0.00317623,
26763,0.00666584,-0.00429892,0.00849169,0.02689062,-0.97703773,0.21133855,0.00318256,
26774,,,,,,,,0.00000000,0.00000000
26774,0.00336344,-0.00313365,0.00986108,0.02690401,-0.97703731,0.21133870,0.00319325,
26785,0.00075093,-0.00035375,0.00932507,0.02691222,-0.97703701,0.21133886,0.00320260,
26795,-0.00003652,0.00104383,0.00417425,0.02692326,-0.97703654,0.21133932,0.00322473,
26805,0.00297246,0.00490882,0.01258517,0.02692340,-0.97703654,0.21133935,0.00322601,
26815,0.00057833,-0.00269543,0.01166368,0.02691746,-0.97703660,0.21133956,0.00323178,
26825,-0.00550917,0.00397760,0.00485528,0.02690263,-0.97703695,0.21133974,0.00323409,
26835,0.00778924,0.00071469,-0.00196689,0.02688895,-0.97703737,0.21133971,0.00322838,
26845,0.00613766,0.00152464,0.00145796,0.02688241,-0.97703755,0.21133977,0.00322869,
26855,0.00920286,0.00314269,0.00317802,0.02687432,-0.97703785,0.21133965,0.00322126,
26866,0.00466247,-0.00333435,0.00403041,0.02689063,-0.97703737,0.21133965,0.00322733,
26875,,,,,,,,0.00000000,0.00000000
26877,-0.00198700,-0.00190369,0.00299177,0.02691601,-0.97703665,0.21133962,0.00323526,
26888,0.00127243,0.00101654,0.00076346,0.02693125,-0.97703624,0.21133944,0.00323387,
26898,0.00312340,-0.00069717,0.00184658,0.02693875,-0.97703618,0.21133906,0.00322122,
26908,0.00429302,0.00159691,0.00629438,0.02693086,-0.97703642,0.21133900,0.00321656,
26918,0.00071981,0.00467419,0.00754172,0.02691524,-0.97703683,0.21133912,0.00321605,
26928,0.00182475,-0.00062311,0.00401500,0.02690269,-0.97703731,0.21133870,0.00319520,
26938,-0.00711375,-0.00132627,0.00249578,0.02689710,-0.97703743,0.21133889,0.00320083,
26949,-0.00595250,0.00343385,0.00564242,0.02688565,-0.97703767,0.21133927,0.00321181,
26960,-0.00244982,0.00433381,0.00453783,0.02687276,-0.97703791,0.21133947,0.00321602,
26970,-0.00168268,0.00209824,-0.00187385,0.02686406,-0.97703815,0.21133950,0.00321401,
26976,,,,,,,,0.00000000,0.00000000
26980,0.00234775,-0.00365059,0.00737149,0.02686475,-0.97703826,0.21133927,0.00320471,
26990,0.00264635,0.00323300,0.00784376,0.02685853,-0.97703850,0.21133912,0.00319690,
27000,0.00402398,-0.00574587,0.00904883,0.02687312,-0.97703815,0.21133888,0.00319255,
27010,0.00105832,-0.00581025,0.01062793,0.02689558,-0.97703755,0.21133871,0.00319444,
27020,0.00055968,-0.00678086,0.00116358,0.02692666,-0.97703677,0.21133840,0.00319339,
27030,0.00350707,-0.00627434,0.00473218,0.02695205,-0.97703606,0.21133839,0.00320161,
27041,0.00376007,0.00298923,0.00041296,0.02695397,-0.97703594,0.21133855,0.00320881,
27052,0.00700699,0.00031969,0.00972797,0.02696089,-0.97703600,0.21133789,0.00318552,
27062,0.00328224,-0.00172462,0.00828195,0.02697603,-0.97703564,0.21133763,0.00318046,
27072,0.00751575,0.00405102,0.00926793,0.02696540,-0.97703594,0.21133763,0.00317682,
27077,,,,,,,,0.00000000,0.00000000
27082,-0.00035437,0.00134650,0.00390154,0.02697285,-0.97703564,0.21133780,0.00318682,
27092,0.00204297,-0.00755887,-0.00049063,0.02698249,-0.97703540,0.21133757,0.00318094,
27102,-0.00721826,-0.00179579,0.00341679,0.02697252,-0.97703552,0.21133818,0.00320161,
27112,-0.01154370,0.00447320,0.00610293,0.02695782,-0.97703552,0.21133941,0.00324501,
27123,-0.00707648,0.00322079,0.00280732,0.02695784,-0.97703516,0.21134043,0.00328452,
27134,-0.00337039,0.00621855,0.00164780,0.02694008,-0.97703534,0.21134134,0.00331407,
27144,-0.00322633,-0.00055283,0.00155632,0.02694754,-0.97703505,0.21134147,0.00332194,
27154,-0.00362733,-0.00052056,0.00248715,0.02695147,-0.97703487,0.21134174,0.00333381,
27164,-0.00356079,0.00313480,0.00344084,0.02694733,-0.97703481,0.21134230,0.00335500,
27174,0.00011932,0.00399355,0.00342940,0.02694765,-0.97703481,0.21134236,0.00335792,
27178,,,,,,,,0.00000000,0.00000000
27184,-0.00023026,0.00369050,0.00440025,0.02694681,-0.97703481,0.21134245,0.00336089,
27195,-0.00068733,0.00013627,0.00366497,0.02695002,-0.97703481,0.21134201,0.00334509,
27206,0.00055660,-0.00139671,0.00329733,0.02695123,-0.97703481,0.21134183,0.00333889,
27217,0.00092680,-0.00674084,0.00457072,0.02698112,-0.97703415,0.21134128,0.00332783,
27227,-0.00423631,0.00082575,0.00349843,0.02699026,-0.97703385,0.21134132,0.00333263,
27237,-0.00047783,0.00409787,0.00541133,0.02698282,-0.97703409,0.21134141,0.00333386,
27247,-0.00566342,0.00230071,0.00465879,0.02697575,-0.97703421,0.21134174,0.00334381,
27257,-0.00216032,0.00697921,0.00696807,0.02695314,-0.97703469,0.21134207,0.00334920,
27268,0.00692307,-0.00334633,0.00519302,0.02695594,-0.97703463,0.21134207,0.00335048,
27279,,,,,,,,0.00000000,0.00000000
27279,-0.00047523,-0.00409931,0.00259651,0.02696609,-0.97703427,0.21134230,0.00336314,
27289,-0.00270191,-0.01126597,0.00373203,0.02699411,-0.97703350,0.21134214,0.00336685,
27299,-0.00232752,-0.00847112,0.00405565,0.02702806,-0.97703254,0.21134207,0.00337631,
27309,-0.00506238,-0.00731020,0.00836785,0.02705024,-0.97703189,0.21134213,0.00338646,
27319,-0.01054205,-0.00305238,0.00881497,0.02707238,-0.97703111,0.21134245,0.00340681,
27329,-0.00254733,-0.00212891,0.01025923,0.02708773,-0.97703063,0.21134248,0.00341376,
27339,-0.00097612,0.00094970,0.00048331,0.02706498,-0.97703111,0.21134314,0.00343131,
27349,-0.00405862,0.00515167,0.00584926,0.02704585,-0.97703135,0.21134402,0.00345893,
27359,0.00196849,0.00727554,0.00633497,0.02704853,-0.97703117,0.21134427,0.00346990,
27369,0.00350195,0.01343391,0.00584540,0.02703273,-0.97703159,0.21134451,0.00347401,
27380,,,,,,,,0.00000000,0.00000000
27380,0.00522998,0.00480961,0.00486820,0.02702934,-0.97703171,0.21134436,0.00346709,
27391,0.00024988,0.00294649,0.00730928,0.02703338,-0.97703159,0.21134436,0.00346851,
27401,0.00215436,0.00468522,0.00633256,0.02702989,-0.97703165,0.21134444,0.00347048,
27411,0.00166464,-0.00223503,0.00169381,0.02704069,-0.97703129,0.21134458,0.00348036,
27421,0.00241161,-0.00495510,-0.00184627,0.02705315,-0.97703087,0.21134481,0.00349385,
27431,0.00352514,-0.00143232,0.00834658,0.02705925,-0.97703063,0.21134496,0.00350201,
27442,0.00114459,-0.00138755,0.00685121,0.02705805,-0.97703063,0.21134499,0.00350265,
27453,0.00042734,-0.00111339,0.00781251,0.02706024,-0.97703063,0.21134481,0.00349712,
27464,0.00055699,0.00560786,0.00682831,0.02705405,-0.97703087,0.21134478,0.00349347,
27474,-0.00716779,-0.00199496,0.00413895,0.02706452,-0.97703052,0.21134490,0.00350168,
27481,,,,,,,,0.00000000,0.00000000
27484,0.00116922,-0.00430864,0.00303841,0.02707976,-0.97703016,0.21134466,0.00349832,
27494,0.00018788,-0.01108071,0.00444126,0.02708578,-0.97703010,0.21134427,0.00348606,
27504,0.00506068,-0.00835560,0.00367785,0.02709389,-0.97703004,0.21134388,0.00347425,
27514,0.00526929,-0.00723719,0.00231957,0.02709174,-0.97703028,0.21134338,0.00345353,
27524,0.00147498,-0.00350415,0.00383770,0.02709234,-0.97703028,0.21134327,0.00344992,
27535,0.00520068,0.00127679,0.00166708,0.02708716,-0.97703040,0.21134332,0.00345004,
27546,0.00607935,0.00050870,0.00692943,0.02709168,-0.97703028,0.21134317,0.00344622,
27556,0.00526746,0.00500746,0.00785162,0.02709021,-0.97703046,0.21134278,0.00343111,
27566,0.00583807,-0.00542321,0.00147677,0.02709742,-0.97703040,0.21134245,0.00342119,
27576,0.00587924,-0.00282605,0.00146318,0.02710218,-0.97703034,0.21134222,0.00341376,
27582,,,,,,,,0.00000000,0.00000000
27587,0.00565569,-0.00032965,0.00365365,0.02709157,-0.97703063,0.21134230,0.00341314,
27598,0.00748177,-0.00077518,0.00719029,0.02709387,-0.97703063,0.21134207,0.00340518,
27609,0.00108586,0.00265654,0.01042345,0.02709290,-0.97703063,0.21134213,0.00340726,
27619,-0.00697203,0.00631026,0.00911035,0.02708632,-0.97703063,0.21134254,0.00342152,
27629,-0.00344024,0.00423088,0.00064129,0.02707993,-0.97703075,0.21134271,0.00342575,
27639,-0.00267379,0.00219173,0.00666067,0.02706507,-0.97703123,0.21134269,0.00341985,
27649,-0.00375541,0.00093565,0.00869380,0.02705978,-0.97703141,0.21134260,0.00341485,
27659,-0.00454800,-0.00239320,0.00580411,0.02705171,-0.97703165,0.21134263,0.00341283,
27669,-0.00032087,-0.00255463,0.00606826,0.02706281,-0.97703147,0.21134222,0.00340070,
27680,0.00569131,0.00026382,0.00961830,0.02705270,-0.97703183,0.21134208,0.00339230,
27682,,,,,,,,0.00000000,0.00000000
27691,0.00965870,-0.00539940,0.00724292,0.02705200,-0.97703195,0.21134180,0.00338119,
27701,0.00675959,-0.00550732,0.01337946,0.02706905,-0.97703159,0.21134138,0.00337126,
27711,-0.00392917,-0.00166266,0.01010007,0.02707922,-0.97703123,0.21134163,0.00338478,
27721,-0.00317766,-0.00022098,0.00748381,0.02708346,-0.97703111,0.21134162,0.00338554,
27732,-0.00009347,0.00512328,0.00788467,0.02708082,-0.97703105,0.21134198,0.00339912,
27743,-0.00196934,0.00606353,0.00686439,0.02707007,-0.97703123,0.21134235,0.00340993,
27754,-0.00217486,0.00213150,0.00537769,0.02706120,-0.97703141,0.21134254,0.00341466,
27765,-0.00004983,0.00087501,0.00707575,0.02704959,-0.97703153,0.21134314,0.00343333,
27775,-0.00532734,-0.00024151,0.00670407,0.02704402,-0.97703159,0.21134353,0.00344656,
27783,,,,,,,,0.00000000,0.00000000
27785,-0.00429636,0.00598276,0.00407683,0.02701530,-0.97703218,0.21134424,0.00346442,
27795,-0.00526097,0.00270909,0.00277084,0.02698017,-0.97703302,0.21134470,0.00347033,
27805,-0.00062396,-0.00161329,0.01163932,0.02696386,-0.97703344,0.21134479,0.00346833,
27816,-0.00343240,-0.00058539,0.00459896,0.02696294,-0.97703350,0.21134469,0.00346426,
27827,0.00198406,0.00091275,0.00547331,0.02696381,-0.97703356,0.21134445,0.00345528,
27837,0.00006887,0.00434737,0.00420150,0.02696656,-0.97703350,0.21134448,0.00345780,
27847,0.00445948,0.00506522,0.00722770,0.02695280,-0.97703385,0.21134445,0.00345209,
27857,0.00301557,0.00203670,0.00947323,0.02696190,-0.97703362,0.21134447,0.00345566,
27867,-0.00185678,0.00174314,-0.00380831,0.02696917,-0.97703338,0.21134451,0.00346019,
27877,-0.00087498,-0.00127992,-0.00386491,0.02699674,-0.97703272,0.21134412,0.00345498,
27883,,,,,,,,0.00000000,0.00000000
27887,-0.00086474,-0.00281434,-0.00364907,0.02700024,-0.97703254,0.21134421,0.00345986,
27898,0.00398505,0.00225494,-0.00182453,0.02698702,-0.97703302,0.21134397,0.00344581,
27909,0.00930911,0.00527023,0.00250570,0.02697345,-0.97703362,0.21134353,0.00342386,
27919,0.00221315,0.00333702,0.00296184,0.02695720,-0.97703409,0.21134353,0.00341833,
27929,-0.00106780,0.00454479,0.00221334,0.02693957,-0.97703445,0.21134397,0.00342961,
27939,-0.00877365,-0.00119135,0.00159495,0.02693927,-0.97703421,0.21134454,0.00345235,
27949,-0.00164787,0.00131167,0.00323888,0.02693805,-0.97703415,0.21134481,0.00346217,
27959,-0.00196072,-0.00451689,0.00186358,0.02694205,-0.97703385,0.21134524,0.00348075,
27969,0.00371935,-0.00374618,-0.00273032,0.02695156,-0.97703362,0.21134508,0.00347789,
27980,0.00241662,0.00127022,0.00107625,0.02695208,-0.97703362,0.21134508,0.00347868,
27984,,,,,,,,0.00000000,0.00000000
27991,0.00249005,-0.00255398,0.00517680,0.02696141,-0.97703344,0.21134488,0.00347466,
28002,-0.00306558,-0.00322248,0.00453389,0.02698049,-0.97703290,0.21134491,0.00348267,
28012,-0.00535512,0.00301980,0.00714213,0.02698025,-0.97703290,0.21134502,0.00348697,
28022,-0.00817835,-0.00093151,0.00258687,0.02698582,-0.97703260,0.21134536,0.00350237,
28032,-0.00009137,-0.00482977,0.00641276,0.02700327,-0.97703218,0.21134506,0.00349707,
